Year,HS6,Product,Partner,Value_USD,Qty_Reported_kg,Unit_Value_USD_per_kg,Flag,Ref_Unit_Value_USD_per_kg,Qty_Clean_kg,Qty_Clean_t_LCE
2018,283691,Lithium carbonates,United States,5029210.0,124803.0,40.2972,,18.7049,124803.0,124.803
2018,283691,Lithium carbonates,Chile,4042800.0,248400.0,16.2754,,18.7049,248400.0,248.4
2018,283691,Lithium carbonates,Belgium,1954250.0,201600.0,9.6937,,18.7049,201600.0,201.6
2018,283691,Lithium carbonates,China,1412240.0,115533.0,12.2237,,18.7049,115533.0,115.533
2018,283691,Lithium carbonates,Slovenia,518360.0,12515.0,41.4191,,18.7049,12515.0,12.515
2018,283691,Lithium carbonates,Argentina,467650.0,28400.0,16.4665,,18.7049,28400.0,28.4
2018,283691,Lithium carbonates,Austria,359330.0,9500.0,37.8242,,18.7049,9500.0,9.5
2018,283691,Lithium carbonates,Ireland,293690.0,540000.0,0.5439,Unit value below floor,18.7049,15701.2,15.701
2018,283691,Lithium carbonates,United Kingdom,249820.0,150001.0,1.6655,Unit value below floor,18.7049,13355.9,13.356
2018,283691,Lithium carbonates,Singapore,139150.0,3531.0,39.4081,,18.7049,3531.0,3.531
2018,283691,Lithium carbonates,France,118960.0,220000.0,0.5407,Unit value below floor,18.7049,6359.8,6.36
2018,283691,Lithium carbonates,Italy,30640.0,1700.0,18.0235,,18.7049,1700.0,1.7
2018,283691,Lithium carbonates,Japan,5110.0,280.0,18.25,,18.7049,280.0,0.28
2018,283691,Lithium carbonates,Germany,1090.0,58.0,18.7931,,18.7049,58.0,0.058
2019,283691,Lithium carbonates,United States,4229080.0,150756.0,28.0525,,17.7771,150756.0,150.756
2019,283691,Lithium carbonates,Belgium,2746200.0,204550.0,13.4256,,17.7771,204550.0,204.55
2019,283691,Lithium carbonates,Chile,1913460.0,121000.0,15.8137,,17.7771,121000.0,121.0
2019,283691,Lithium carbonates,China,1222130.0,103500.0,11.808,,17.7771,103500.0,103.5
2019,283691,Lithium carbonates,Singapore,592930.0,16000.0,37.0581,,17.7771,16000.0,16.0
2019,283691,Lithium carbonates,Slovenia,591170.0,14000.0,42.2264,,17.7771,14000.0,14.0
2019,283691,Lithium carbonates,Argentina,537890.0,44000.0,12.2248,,17.7771,44000.0,44.0
2019,283691,Lithium carbonates,United Kingdom,348990.0,30005.0,11.6311,,17.7771,30005.0,30.005
2019,283691,Lithium carbonates,Netherlands,204150.0,400000.0,0.5104,Unit value below floor,17.7771,11483.9,11.484
2019,283691,Lithium carbonates,Japan,173060.0,12000.0,14.4217,,17.7771,12000.0,12.0
2019,283691,Lithium carbonates,Ireland,106930.0,200000.0,0.5346,Unit value below floor,17.7771,6015.0,6.015
2019,283691,Lithium carbonates,Italy,29290.0,1500.0,19.5267,,17.7771,1500.0,1.5
2019,283691,Lithium carbonates,Malaysia,16230.0,200.0,81.15,,17.7771,200.0,0.2
2019,283691,Lithium carbonates,Germany,1730.0,138.0,12.5362,,17.7771,138.0,0.138
2019,283691,Lithium carbonates,Russian Federation,40.0,2.0,20.0,,17.7771,2.0,0.002
2020,283691,Lithium carbonates,United States,3008440.0,109635.0,27.4405,,11.4111,109635.0,109.635
2020,283691,Lithium carbonates,Belgium,1512900.0,222400.0,6.8026,,11.4111,222400.0,222.4
2020,283691,Lithium carbonates,Chile,1031990.0,99000.0,10.4241,,11.4111,99000.0,99.0
2020,283691,Lithium carbonates,Singapore,619490.0,16803.0,36.8678,,11.4111,16803.0,16.803
2020,283691,Lithium carbonates,Germany,584260.0,105270.0,5.5501,,11.4111,105270.0,105.27
2020,283691,Lithium carbonates,Argentina,465470.0,72000.0,6.4649,,11.4111,72000.0,72.0
2020,283691,Lithium carbonates,China,317780.0,45930.0,6.9188,,11.4111,45930.0,45.93
2020,283691,Lithium carbonates,Slovenia,246090.0,6000.0,41.015,,11.4111,6000.0,6.0
2020,283691,Lithium carbonates,Ireland,155800.0,300000.0,0.5193,Unit value below floor,11.4111,13653.4,13.653
2020,283691,Lithium carbonates,Netherlands,58180.0,100200.0,0.5806,Unit value below floor,11.4111,5098.6,5.099
2020,283691,Lithium carbonates,Canada,46190.0,9000.0,5.1322,,11.4111,9000.0,9.0
2020,283691,Lithium carbonates,United Kingdom,23360.0,3010.0,7.7608,,11.4111,3010.0,3.01
2020,283691,Lithium carbonates,Italy,19860.0,1200.0,16.55,,11.4111,1200.0,1.2
2020,283691,Lithium carbonates,Japan,1310.0,60.0,21.8333,,11.4111,60.0,0.06
2021,283691,Lithium carbonates,United States,2764620.0,49602.0,55.7361,,10.5284,49602.0,49.602
2021,283691,Lithium carbonates,Belgium,2451880.0,535201.0,4.5812,,10.5284,535201.0,535.201
2021,283691,Lithium carbonates,Austria,587940.0,12950.0,45.4008,,10.5284,12950.0,12.95
2021,283691,Lithium carbonates,Singapore,577630.0,16000.0,36.1019,,10.5284,16000.0,16.0
2021,283691,Lithium carbonates,China,458550.0,43675.0,10.4991,,10.5284,43675.0,43.675
2021,283691,Lithium carbonates,Slovenia,377730.0,8000.0,47.2163,,10.5284,8000.0,8.0
2021,283691,Lithium carbonates,Chile,361500.0,46500.0,7.7742,,10.5284,46500.0,46.5
2021,283691,Lithium carbonates,Germany,355180.0,46203.0,7.6874,,10.5284,46203.0,46.203
2021,283691,Lithium carbonates,Argentina,320790.0,32000.0,10.0247,,10.5284,32000.0,32.0
2021,283691,Lithium carbonates,United Kingdom,224400.0,30086.0,7.4586,,10.5284,30086.0,30.086
2021,283691,Lithium carbonates,Canada,197500.0,4000.0,49.375,,10.5284,4000.0,4.0
2021,283691,Lithium carbonates,Ireland,169500.0,300000.0,0.565,Unit value below floor,10.5284,16099.2,16.099
2022,283691,Lithium carbonates,Belgium,10562900.0,243800.0,43.3261,,40.7537,243800.0,243.8
2022,283691,Lithium carbonates,United States,2732030.0,56731.0,48.1576,,40.7537,56731.0,56.731
2022,283691,Lithium carbonates,United Kingdom,1357840.0,20000.0,67.892,,40.7537,20000.0,20.0
2022,283691,Lithium carbonates,Germany,845470.0,38058.0,22.2153,,40.7537,38058.0,38.058
2022,283691,Lithium carbonates,Slovenia,688230.0,15000.0,45.882,,40.7537,15000.0,15.0
2022,283691,Lithium carbonates,Argentina,531510.0,36000.0,14.7642,,40.7537,36000.0,36.0
2022,283691,Lithium carbonates,Netherlands,330740.0,600000.0,0.5512,Unit value below floor,40.7537,8115.6,8.116
2022,283691,Lithium carbonates,Ireland,106680.0,200000.0,0.5334,Unit value below floor,40.7537,2617.7,2.618
2022,283691,Lithium carbonates,China,34670.0,1004.0,34.5319,,40.7537,1004.0,1.004
2022,283691,Lithium carbonates,Italy,14710.0,800.0,18.3875,,40.7537,800.0,0.8
2022,283691,Lithium carbonates,Brazil,470.0,50.0,9.4,,40.7537,50.0,0.05
2023,283691,Lithium carbonates,Chile,7675890.0,183600.0,41.8077,,52.0597,183600.0,183.6
2023,283691,Lithium carbonates,United States,7447190.0,69125.0,107.7351,,52.0597,69125.0,69.125
2023,283691,Lithium carbonates,Argentina,4803490.0,110000.0,43.6681,,52.0597,110000.0,110.0
2023,283691,Lithium carbonates,China,3522330.0,99039.0,35.5651,,52.0597,99039.0,99.039
2023,283691,Lithium carbonates,Brazil,1712660.0,28100.0,60.9488,,52.0597,28100.0,28.1
2023,283691,Lithium carbonates,United Kingdom,1464540.0,30000.0,48.818,,52.0597,30000.0,30.0
2023,283691,Lithium carbonates,Belgium,1405900.0,33300.0,42.2192,,52.0597,33300.0,33.3
2023,283691,Lithium carbonates,Slovenia,1095630.0,5000.0,219.126,,52.0597,5000.0,5.0
2023,283691,Lithium carbonates,Germany,911960.0,18008.0,50.6419,,52.0597,18008.0,18.008
2023,283691,Lithium carbonates,Ireland,354190.0,600000.0,0.5903,Unit value below floor,52.0597,6803.5,6.803
2023,283691,Lithium carbonates,Japan,157260.0,3630.0,43.3223,,52.0597,3630.0,3.63
2023,283691,Lithium carbonates,Switzerland,6660.0,360.0,18.5,,52.0597,360.0,0.36
2023,283691,Lithium carbonates,Austria,450.0,17.0,26.4706,,52.0597,17.0,0.017
2023,283691,Lithium carbonates,Singapore,60.0,1.0,60.0,,52.0597,1.0,0.001
2024,283691,Lithium carbonates,United States,4461340.0,47255.0,94.4099,,21.8721,47255.0,47.255
2024,283691,Lithium carbonates,Chile,3464150.0,271600.0,12.7546,,21.8721,271600.0,271.6
2024,283691,Lithium carbonates,China,2477770.0,154557.0,16.0314,,21.8721,154557.0,154.557
2024,283691,Lithium carbonates,Ireland,225200.0,400000.0,0.563,Unit value below floor,21.8721,10296.2,10.296
2024,283691,Lithium carbonates,Germany,211310.0,15102.0,13.9922,,21.8721,15102.0,15.102
2024,283691,Lithium carbonates,Brazil,59450.0,1100.0,54.0455,,21.8721,1100.0,1.1
2024,283691,Lithium carbonates,Japan,55960.0,1058.0,52.8922,,21.8721,1058.0,1.058
2024,283691,Lithium carbonates,India,18740.0,200.0,93.7,Re-import (India as partner),21.8721,200.0,0.2
2024,283691,Lithium carbonates,United Arab Emirates,2940.0,41.0,71.7073,,21.8721,41.0,0.041
2024,283691,Lithium carbonates,Singapore,90.0,126.0,0.7143,Unit value below floor,21.8721,4.1,0.004
2024,283691,Lithium carbonates,Zimbabwe,70.0,145.0,0.4828,Unit value below floor,21.8721,3.2,0.003
2018,282520,Lithium oxide and hydroxide,China,14106030.0,771907.0,18.2743,,17.5148,771907.0,679.278
2018,282520,Lithium oxide and hydroxide,Russian Federation,11601700.0,718431.0,16.1487,,17.5148,718431.0,632.219
2018,282520,Lithium oxide and hydroxide,Belgium,6333140.0,345002.0,18.3568,,17.5148,345002.0,303.602
2018,282520,Lithium oxide and hydroxide,Netherlands,1047800.0,65100.0,16.0952,,17.5148,65100.0,57.288
2018,282520,Lithium oxide and hydroxide,Germany,703250.0,22554.0,31.1807,,17.5148,22554.0,19.848
2018,282520,Lithium oxide and hydroxide,Japan,351490.0,20012.0,17.564,,17.5148,20012.0,17.611
2018,282520,Lithium oxide and hydroxide,Switzerland,340300.0,20000.0,17.015,,17.5148,20000.0,17.6
2018,282520,Lithium oxide and hydroxide,United States,243210.0,20023.0,12.1465,,17.5148,20023.0,17.62
2018,282520,Lithium oxide and hydroxide,United Kingdom,6830.0,740.0,9.2297,,17.5148,740.0,0.651
2018,282520,Lithium oxide and hydroxide,Singapore,6280.0,14.0,448.5714,,17.5148,14.0,0.012
2018,282520,Lithium oxide and hydroxide,"Hong Kong, China",3490.0,35.0,99.7143,,17.5148,35.0,0.031
2018,282520,Lithium oxide and hydroxide,Ireland,3080.0,20.0,154.0,,17.5148,20.0,0.018
2018,282520,Lithium oxide and hydroxide,"Other Asia, nes",1260.0,425.0,2.9647,Unit value below floor,17.5148,71.9,0.063
2018,282520,Lithium oxide and hydroxide,Canada,30.0,2.0,15.0,,17.5148,2.0,0.002
2019,282520,Lithium oxide and hydroxide,Belgium,9483990.0,708003.0,13.3954,,12.0064,708003.0,623.043
2019,282520,Lithium oxide and hydroxide,China,6102320.0,487051.0,12.5291,,12.0064,487051.0,428.605
2019,282520,Lithium oxide and hydroxide,Russian Federation,4642090.0,498000.0,9.3215,,12.0064,498000.0,438.24
2019,282520,Lithium oxide and hydroxide,Latvia,1015380.0,88000.0,11.5384,,12.0064,88000.0,77.44
2019,282520,Lithium oxide and hydroxide,Singapore,760950.0,50000.0,15.219,,12.0064,50000.0,44.0
2019,282520,Lithium oxide and hydroxide,Chile,376250.0,40000.0,9.4062,,12.0064,40000.0,35.2
2019,282520,Lithium oxide and hydroxide,Germany,317740.0,15789.0,20.1241,,12.0064,15789.0,13.894
2019,282520,Lithium oxide and hydroxide,Japan,243720.0,20000.0,12.186,,12.0064,20000.0,17.6
2019,282520,Lithium oxide and hydroxide,"Hong Kong, China",73910.0,5001.0,14.779,,12.0064,5001.0,4.401
2019,282520,Lithium oxide and hydroxide,United States,70810.0,11421.0,6.2,,12.0064,11421.0,10.05
2019,282520,Lithium oxide and hydroxide,Netherlands,63650.0,5000.0,12.73,,12.0064,5000.0,4.4
2019,282520,Lithium oxide and hydroxide,United Kingdom,1080.0,34.0,31.7647,,12.0064,34.0,0.03
2019,282520,Lithium oxide and hydroxide,United Arab Emirates,120.0,6.0,20.0,,12.0064,6.0,0.005
2019,282520,Lithium oxide and hydroxide,Canada,50.0,3.0,16.6667,,12.0064,3.0,0.003
2019,282520,Lithium oxide and hydroxide,Switzerland,20.0,1.0,20.0,,12.0064,1.0,0.001
2020,282520,Lithium oxide and hydroxide,Chile,3431830.0,540000.0,6.3552,,6.7271,540000.0,475.2
2020,282520,Lithium oxide and hydroxide,Russian Federation,2970810.0,475100.0,6.253,,6.7271,475100.0,418.088
2020,282520,Lithium oxide and hydroxide,China,2233300.0,313001.0,7.1351,,6.7271,313001.0,275.441
2020,282520,Lithium oxide and hydroxide,Belgium,1607010.0,218001.0,7.3716,,6.7271,218001.0,191.841
2020,282520,Lithium oxide and hydroxide,Latvia,1308710.0,220000.0,5.9487,,6.7271,220000.0,193.6
2020,282520,Lithium oxide and hydroxide,Germany,421280.0,22404.0,18.8038,,6.7271,22404.0,19.716
2020,282520,Lithium oxide and hydroxide,Japan,265430.0,32267.0,8.2261,,6.7271,32267.0,28.395
2020,282520,Lithium oxide and hydroxide,"Hong Kong, China",128880.0,15000.0,8.592,,6.7271,15000.0,13.2
2020,282520,Lithium oxide and hydroxide,United Arab Emirates,108950.0,20000.0,5.4475,,6.7271,20000.0,17.6
2020,282520,Lithium oxide and hydroxide,United States,6990.0,85.0,82.2353,,6.7271,85.0,0.075
2020,282520,Lithium oxide and hydroxide,United Kingdom,1210.0,76.0,15.9211,,6.7271,76.0,0.067
2020,282520,Lithium oxide and hydroxide,Switzerland,740.0,23.0,32.1739,,6.7271,23.0,0.02
2021,282520,Lithium oxide and hydroxide,Russian Federation,8899720.0,1210000.0,7.3551,,8.7478,1210000.0,1064.8
2021,282520,Lithium oxide and hydroxide,Belgium,4685280.0,530000.0,8.8402,,8.7478,530000.0,466.4
2021,282520,Lithium oxide and hydroxide,China,3281420.0,327175.0,10.0296,,8.7478,327175.0,287.914
2021,282520,Lithium oxide and hydroxide,United Arab Emirates,2734710.0,232000.0,11.7875,,8.7478,232000.0,204.16
2021,282520,Lithium oxide and hydroxide,Latvia,2341720.0,280000.0,8.3633,,8.7478,280000.0,246.4
2021,282520,Lithium oxide and hydroxide,Singapore,1004880.0,60000.0,16.748,,8.7478,60000.0,52.8
2021,282520,Lithium oxide and hydroxide,United Kingdom,827750.0,90005.0,9.1967,,8.7478,90005.0,79.204
2021,282520,Lithium oxide and hydroxide,Germany,294350.0,24599.0,11.9659,,8.7478,24599.0,21.647
2021,282520,Lithium oxide and hydroxide,Czech Republic,35040.0,2160.0,16.2222,,8.7478,2160.0,1.901
2021,282520,Lithium oxide and hydroxide,United States,4780.0,6.0,796.6667,,8.7478,6.0,0.005
2021,282520,Lithium oxide and hydroxide,France,3840.0,687.0,5.5895,,8.7478,687.0,0.605
2021,282520,Lithium oxide and hydroxide,Netherlands,2740.0,200.0,13.7,,8.7478,200.0,0.176
2022,282520,Lithium oxide and hydroxide,Belgium,31656500.0,515000.0,61.4689,,50.5497,515000.0,453.2
2022,282520,Lithium oxide and hydroxide,Russian Federation,12342690.0,359001.0,34.3807,,50.5497,359001.0,315.921
2022,282520,Lithium oxide and hydroxide,United Arab Emirates,10000260.0,160472.0,62.3178,,50.5497,160472.0,141.215
2022,282520,Lithium oxide and hydroxide,Singapore,4325120.0,120000.0,36.0427,,50.5497,120000.0,105.6
2022,282520,Lithium oxide and hydroxide,China,4103410.0,51252.0,80.0634,,50.5497,51252.0,45.102
2022,282520,Lithium oxide and hydroxide,Latvia,1600690.0,40000.0,40.0172,,50.5497,40000.0,35.2
2022,282520,Lithium oxide and hydroxide,Netherlands,1154360.0,16000.0,72.1475,,50.5497,16000.0,14.08
2022,282520,Lithium oxide and hydroxide,"Korea, Rep.",881250.0,20000.0,44.0625,,50.5497,20000.0,17.6
2022,282520,Lithium oxide and hydroxide,Germany,638860.0,26337.0,24.2571,,50.5497,26337.0,23.177
2022,282520,Lithium oxide and hydroxide,United Kingdom,408570.0,16004.0,25.5292,,50.5497,16004.0,14.084
2022,282520,Lithium oxide and hydroxide,United States,85340.0,3247.0,26.2827,,50.5497,3247.0,2.857
2022,282520,Lithium oxide and hydroxide,Kenya,61010.0,3220.0,18.9472,,50.5497,3220.0,2.834
2023,282520,Lithium oxide and hydroxide,Russian Federation,29335570.0,758352.0,38.6833,,36.3028,758352.0,667.35
2023,282520,Lithium oxide and hydroxide,China,5238210.0,174756.0,29.9744,,36.3028,174756.0,153.785
2023,282520,Lithium oxide and hydroxide,Germany,1496830.0,38649.0,38.7288,,36.3028,38649.0,34.011
2023,282520,Lithium oxide and hydroxide,United States,988610.0,35530.0,27.8247,,36.3028,35530.0,31.266
2023,282520,Lithium oxide and hydroxide,Chile,856770.0,38000.0,22.5466,,36.3028,38000.0,33.44
2023,282520,Lithium oxide and hydroxide,Belgium,391290.0,10000.0,39.129,,36.3028,10000.0,8.8
2023,282520,Lithium oxide and hydroxide,Japan,2610.0,9.0,290.0,,36.3028,9.0,0.008
2023,282520,Lithium oxide and hydroxide,United Kingdom,350.0,2.0,175.0,,36.3028,2.0,0.002
2024,282520,Lithium oxide and hydroxide,China,8831710.0,652841.0,13.5281,,13.1266,652841.0,574.5
2024,282520,Lithium oxide and hydroxide,Chile,7127690.0,636000.0,11.2071,,13.1266,636000.0,559.68
2024,282520,Lithium oxide and hydroxide,Russian Federation,3580780.0,236000.0,15.1728,,13.1266,236000.0,207.68
2024,282520,Lithium oxide and hydroxide,Japan,1405480.0,103889.0,13.5287,,13.1266,103889.0,91.422
2024,282520,Lithium oxide and hydroxide,Germany,665940.0,18328.0,36.3346,,13.1266,18328.0,16.129
2024,282520,Lithium oxide and hydroxide,United States,522090.0,38816.0,13.4504,,13.1266,38816.0,34.158
2024,282520,Lithium oxide and hydroxide,Belgium,258050.0,20000.0,12.9025,,13.1266,20000.0,17.6
2024,282520,Lithium oxide and hydroxide,Burundi,10650.0,24000.0,0.4437,Unit value below floor,13.1266,811.3,0.714
2024,282520,Lithium oxide and hydroxide,United Kingdom,1380.0,125.0,11.04,,13.1266,125.0,0.11
2024,282520,Lithium oxide and hydroxide,"Korea, Rep.",1090.0,20.0,54.5,,13.1266,20.0,0.018
2024,282520,Lithium oxide and hydroxide,Australia,40.0,3.0,13.3333,,13.1266,3.0,0.003
