Scenario,Lever,Year,Shortfall_Closed_t_LCE,Import_Need_Cut_t_LCE,Coverage_Gain_pts
Low,Recycling push,2025,0,0.0,0
Low,Recycling push,2026,0,267.2,0
Low,Recycling push,2027,0,622.5,0
Low,Recycling push,2028,0,1210.9,0
Low,Recycling push,2029,0,1954.3,0
Low,Recycling push,2030,0,3056.9,0
Low,Recycling push,2031,0,3672.5,0
Low,Recycling push,2032,0,4100.9,0
Low,Recycling push,2033,0,4716.6,0
Low,Recycling push,2034,0,5057.5,0
Low,Recycling push,2035,0,6033.2,0
Low,Recycling push,2036,0,6725.5,0
Low,Recycling push,2037,0,7662.1,0
Low,Recycling push,2038,0,8693.1,0
Low,Recycling push,2039,0,9769.6,0
Low,Recycling push,2040,0,10751.1,0
Low,Overseas assets,2025,0,0.0,0
Low,Overseas assets,2026,0,0.0,0
Low,Overseas assets,2027,0,0.0,0
Low,Overseas assets,2028,0,0.0,0
Low,Overseas assets,2029,0,0.0,0
Low,Overseas assets,2030,0,0.0,0
Low,Overseas assets,2031,0,0.0,0
Low,Overseas assets,2032,0,0.0,0
Low,Overseas assets,2033,0,0.0,0
Low,Overseas assets,2034,0,0.0,0
Low,Overseas assets,2035,0,0.0,0
Low,Overseas assets,2036,0,0.0,0
Low,Overseas assets,2037,0,0.0,0
Low,Overseas assets,2038,0,0.0,0
Low,Overseas assets,2039,0,0.0,0
Low,Overseas assets,2040,0,0.0,0
Low,Sodium-ion push,2025,0,0.0,0
Low,Sodium-ion push,2026,0,218.7,0
Low,Sodium-ion push,2027,0,584.2,0
Low,Sodium-ion push,2028,0,1105.2,0
Low,Sodium-ion push,2029,0,1786.7,0
Low,Sodium-ion push,2030,0,2639.7,0
Low,Sodium-ion push,2031,0,3789.5,0
Low,Sodium-ion push,2032,0,5123.5,0
Low,Sodium-ion push,2033,0,6676.8,0
Low,Sodium-ion push,2034,0,8454.6,0
Low,Sodium-ion push,2035,0,10479.7,0
Low,Sodium-ion push,2036,0,11404.9,0
Low,Sodium-ion push,2037,0,12606.1,0
Low,Sodium-ion push,2038,0,14047.7,0
Low,Sodium-ion push,2039,0,15562.0,0
Low,Sodium-ion push,2040,0,17141.4,0
Low,Exploration fast-track,2025,0,0.0,0
Low,Exploration fast-track,2026,0,0.0,0
Low,Exploration fast-track,2027,0,0.0,0
Low,Exploration fast-track,2028,0,0.0,0
Low,Exploration fast-track,2029,0,0.0,0
Low,Exploration fast-track,2030,0,0.0,0
Low,Exploration fast-track,2031,0,0.0,0
Low,Exploration fast-track,2032,0,375.0,0
Low,Exploration fast-track,2033,0,750.0,0
Low,Exploration fast-track,2034,0,1125.0,0
Low,Exploration fast-track,2035,0,1500.0,0
Low,Exploration fast-track,2036,0,2000.0,0
Low,Exploration fast-track,2037,0,2500.0,0
Low,Exploration fast-track,2038,0,3000.0,0
Low,Exploration fast-track,2039,0,3500.0,0
Low,Exploration fast-track,2040,0,4000.0,0
Low,All four levers,2025,0,0.0,0
Low,All four levers,2026,0,486.0,0
Low,All four levers,2027,0,1206.7,0
Low,All four levers,2028,0,2316.1,0
Low,All four levers,2029,0,3735.8,0
Low,All four levers,2030,0,5680.3,0
Low,All four levers,2031,0,7435.3,0
Low,All four levers,2032,0,9508.3,0
Low,All four levers,2033,0,11972.3,0
Low,All four levers,2034,0,14373.7,0
Low,All four levers,2035,0,17648.2,0
Low,All four levers,2036,0,19637.8,0
Low,All four levers,2037,0,22119.4,0
Low,All four levers,2038,0,24893.5,0
Low,All four levers,2039,0,27753.4,0
Low,All four levers,2040,0,30555.3,0
Base,Recycling push,2025,0,0.0,0
Base,Recycling push,2026,0,197.4,0
Base,Recycling push,2027,0,435.4,0
Base,Recycling push,2028,0,781.2,0
Base,Recycling push,2029,0,1220.7,0
Base,Recycling push,2030,0,1837.1,0
Base,Recycling push,2031,0,1991.2,0
Base,Recycling push,2032,0,2178.8,0
Base,Recycling push,2033,0,2309.3,0
Base,Recycling push,2034,2246.4,2246.4,2.04
Base,Recycling push,2035,2118.7,2118.7,1.68
Base,Recycling push,2036,2247.2,2247.2,1.54
Base,Recycling push,2037,2327.0,2327.0,1.39
Base,Recycling push,2038,2387.5,2387.5,1.23
Base,Recycling push,2039,2292.4,2292.4,1.03
Base,Recycling push,2040,1993.7,1993.7,0.79
Base,Overseas assets,2025,0,0.0,0
Base,Overseas assets,2026,0,0.0,0
Base,Overseas assets,2027,0,0.0,0
Base,Overseas assets,2028,0,0.0,0
Base,Overseas assets,2029,0,0.0,0
Base,Overseas assets,2030,0,0.0,0
Base,Overseas assets,2031,0,0.0,0
Base,Overseas assets,2032,0,0.0,0
Base,Overseas assets,2033,0,0.0,0
Base,Overseas assets,2034,4726.5,0.0,4.3
Base,Overseas assets,2035,10275.3,0.0,8.13
Base,Overseas assets,2036,18381.9,0.0,12.59
Base,Overseas assets,2037,27815.0,0.0,16.54
Base,Overseas assets,2038,38798.4,0.0,19.96
Base,Overseas assets,2039,46000.0,0.0,20.67
Base,Overseas assets,2040,50000.0,0.0,19.77
Base,Sodium-ion push,2025,0,0.0,0
Base,Sodium-ion push,2026,0,304.3,0
Base,Sodium-ion push,2027,0,935.7,0
Base,Sodium-ion push,2028,0,1917.8,0
Base,Sodium-ion push,2029,0,3266.7,0
Base,Sodium-ion push,2030,0,5008.4,0
Base,Sodium-ion push,2031,0,6749.9,0
Base,Sodium-ion push,2032,0,8694.0,0
Base,Sodium-ion push,2033,0,10876.7,0
Base,Sodium-ion push,2034,4726.5,13307.4,4.3
Base,Sodium-ion push,2035,10275.3,16001.2,8.13
Base,Sodium-ion push,2036,17981.0,17981.0,12.27
Base,Sodium-ion push,2037,20269.8,20269.8,11.33
Base,Sodium-ion push,2038,23369.5,23369.5,10.7
Base,Sodium-ion push,2039,26537.2,26537.2,10.11
Base,Sodium-ion push,2040,29733.1,29733.1,9.44
Base,Exploration fast-track,2025,0,0.0,0
Base,Exploration fast-track,2026,0,0.0,0
Base,Exploration fast-track,2027,0,0.0,0
Base,Exploration fast-track,2028,0,0.0,0
Base,Exploration fast-track,2029,0,0.0,0
Base,Exploration fast-track,2030,0,0.0,0
Base,Exploration fast-track,2031,0,0.0,0
Base,Exploration fast-track,2032,0,375.0,0
Base,Exploration fast-track,2033,0,750.0,0
Base,Exploration fast-track,2034,1125.0,1125.0,1.02
Base,Exploration fast-track,2035,1500.0,1500.0,1.19
Base,Exploration fast-track,2036,2000.0,2000.0,1.37
Base,Exploration fast-track,2037,2500.0,2500.0,1.49
Base,Exploration fast-track,2038,3000.0,3000.0,1.54
Base,Exploration fast-track,2039,3020.0,3020.0,1.36
Base,Exploration fast-track,2040,3400.0,3400.0,1.35
Base,All four levers,2025,0,0.0,0
Base,All four levers,2026,0,501.7,0
Base,All four levers,2027,0,1371.1,0
Base,All four levers,2028,0,2699.0,0
Base,All four levers,2029,0,4484.6,0
Base,All four levers,2030,0,6836.3,0
Base,All four levers,2031,0,8726.1,0
Base,All four levers,2032,0,11201.7,0
Base,All four levers,2033,0,13852.3,0
Base,All four levers,2034,4726.5,16562.6,4.3
Base,All four levers,2035,10275.3,19488.5,8.13
Base,All four levers,2036,18381.9,22056.4,12.59
Base,All four levers,2037,27815.0,24886.8,16.54
Base,All four levers,2038,38798.4,28511.4,19.96
Base,All four levers,2039,50084.9,31580.4,22.5
Base,All four levers,2040,62941.3,34857.3,24.88
High,Recycling push,2025,0,0.0,0
High,Recycling push,2026,0,110.3,0
High,Recycling push,2027,0,231.2,0
High,Recycling push,2028,377.3,377.3,0.59
High,Recycling push,2029,561.9,561.9,0.66
High,Recycling push,2030,795.4,795.4,0.74
High,Recycling push,2031,650.6,650.6,0.53
High,Recycling push,2032,444.9,444.9,0.32
High,Recycling push,2033,185.7,185.7,0.11
High,Recycling push,2034,0.0,0.0,0.0
High,Recycling push,2035,0.0,0.0,0.0
High,Recycling push,2036,0.0,0.0,0.0
High,Recycling push,2037,0.0,0.0,0.0
High,Recycling push,2038,0.0,0.0,0.0
High,Recycling push,2039,0.0,0.0,0.0
High,Recycling push,2040,0.0,0.0,0.0
High,Overseas assets,2025,0,0.0,0
High,Overseas assets,2026,0,0.0,0
High,Overseas assets,2027,0,0.0,0
High,Overseas assets,2028,0.0,0.0,0.0
High,Overseas assets,2029,0.0,0.0,0.0
High,Overseas assets,2030,0.0,0.0,0.0
High,Overseas assets,2031,14000.0,0.0,11.45
High,Overseas assets,2032,18000.0,0.0,12.89
High,Overseas assets,2033,22000.0,0.0,13.83
High,Overseas assets,2034,26000.0,0.0,14.4
High,Overseas assets,2035,30000.0,0.0,14.7
High,Overseas assets,2036,34000.0,0.0,14.34
High,Overseas assets,2037,38000.0,0.0,13.9
High,Overseas assets,2038,42000.0,0.0,13.26
High,Overseas assets,2039,46000.0,0.0,12.67
High,Overseas assets,2040,50000.0,0.0,12.14
High,Sodium-ion push,2025,0,0.0,0
High,Sodium-ion push,2026,0,431.2,0
High,Sodium-ion push,2027,0,1458.8,0
High,Sodium-ion push,2028,3129.7,3129.7,4.85
High,Sodium-ion push,2029,5480.7,5480.7,5.45
High,Sodium-ion push,2030,8561.2,8561.2,5.99
High,Sodium-ion push,2031,10701.1,10701.1,6.45
High,Sodium-ion push,2032,12869.1,12869.1,6.74
High,Sodium-ion push,2033,15048.8,15048.8,6.84
High,Sodium-ion push,2034,17250.6,17250.6,6.78
High,Sodium-ion push,2035,19447.7,19447.7,6.67
High,Sodium-ion push,2036,22444.0,22444.0,6.38
High,Sodium-ion push,2037,26096.0,26096.0,6.17
High,Sodium-ion push,2038,31451.4,31451.4,6.25
High,Sodium-ion push,2039,36952.9,36952.9,6.22
High,Sodium-ion push,2040,42554.3,42554.3,6.09
High,Exploration fast-track,2025,0,0.0,0
High,Exploration fast-track,2026,0,0.0,0
High,Exploration fast-track,2027,0,0.0,0
High,Exploration fast-track,2028,0.0,0.0,0.0
High,Exploration fast-track,2029,0.0,0.0,0.0
High,Exploration fast-track,2030,0.0,0.0,0.0
High,Exploration fast-track,2031,0.0,0.0,0.0
High,Exploration fast-track,2032,375.0,375.0,0.27
High,Exploration fast-track,2033,270.0,270.0,0.17
High,Exploration fast-track,2034,485.0,485.0,0.27
High,Exploration fast-track,2035,700.0,700.0,0.34
High,Exploration fast-track,2036,860.0,860.0,0.36
High,Exploration fast-track,2037,1020.0,1020.0,0.38
High,Exploration fast-track,2038,1180.0,1180.0,0.37
High,Exploration fast-track,2039,1340.0,1340.0,0.37
High,Exploration fast-track,2040,1500.0,1500.0,0.37
High,All four levers,2025,0,0.0,0
High,All four levers,2026,0,541.6,0
High,All four levers,2027,0,1690.0,0
High,All four levers,2028,3507.0,3507.0,5.47
High,All four levers,2029,6042.0,6042.0,6.16
High,All four levers,2030,9354.2,9354.2,6.8
High,All four levers,2031,25348.7,11348.7,19.58
High,All four levers,2032,31685.4,13685.4,21.61
High,All four levers,2033,37504.4,15504.4,22.52
High,All four levers,2034,43735.6,17735.6,23.15
High,All four levers,2035,50147.7,20147.7,23.53
High,All four levers,2036,57304.0,23304.0,22.94
High,All four levers,2037,65116.0,27116.0,22.31
High,All four levers,2038,74631.4,32631.4,21.79
High,All four levers,2039,84292.9,38292.9,21.2
High,All four levers,2040,94054.3,44054.3,20.53
