Scenario,Lever,Year,Demand_t_LCE,Energy_Demand_t_LCE,NonEnergy_Demand_t_LCE,Recycling_t_LCE,Domestic_Mining_t_LCE,Overseas_Equity_t_LCE,Import_Ceiling_t_LCE,Global_Supply_t_LCE,Net_Import_Need_t_LCE,Open_Market_Import_Need_t_LCE,Available_Supply_t_LCE,Shortfall_t_LCE,Energy_Coverage_Ratio,Energy_Shortfall_t_LCE,Import_Dependence,Domestic_Share,Recycled_Content_Share,Recycled_Content_Mandate,India_Share_of_Global_Supply
Low,None,2025,16200.4,10106.5,6093.9,252.6,0,0,46320.0,1544000.0,15947.8,15947.8,46572.6,0,1,0.0,0.9844,0.0156,0.0176,0,0.0105
Low,None,2026,20057.0,13808.6,6248.5,325.5,0,0,52656.0,1755200.0,19731.5,19731.5,52981.5,0,1,0.0,0.9838,0.0162,0.0179,0,0.0114
Low,None,2027,24142.7,17738.9,6403.8,460.2,0,0,58992.0,1966400.0,23682.5,23682.5,59452.2,0,1,0.0,0.9809,0.0191,0.0208,0.05,0.0123
Low,None,2028,28466.1,21906.3,6559.8,761.6,0,0,65328.0,2177600.0,27704.4,27704.4,66089.6,0,1,0.0,0.9732,0.0268,0.0288,0.1,0.0131
Low,None,2029,33035.8,26319.2,6716.5,1080.4,0,0,71664.0,2388800.0,31955.4,31955.4,72744.4,0,1,0.0,0.9673,0.0327,0.0349,0.15,0.0138
Low,None,2030,37860.1,30986.1,6874.0,1574.1,0,0,78000.0,2600000.0,36286.0,36286.0,79574.1,0,1,0.0,0.9584,0.0416,0.0441,0.2,0.0146
Low,None,2031,44823.5,37764.6,7058.8,2388.6,0,0,82800.0,2760000.0,42434.9,42434.9,85188.6,0,1,0.0,0.9467,0.0533,0.0561,0.2,0.0162
Low,None,2032,52265.1,45020.2,7244.9,3224.3,0,0,87600.0,2920000.0,49040.8,49040.8,90824.3,0,1,0.0,0.9383,0.0617,0.0645,0.2,0.0179
Low,None,2033,60217.6,52785.3,7432.2,4463.1,0,0,92400.0,3080000.0,55754.4,55754.4,96863.1,0,1,0.0,0.9259,0.0741,0.0772,0.2,0.0196
Low,None,2034,68693.5,61072.7,7620.8,5667.3,0,0,97200.0,3240000.0,63026.2,63026.2,102867.3,0,1,0.0,0.9175,0.0825,0.0856,0.2,0.0212
Low,None,2035,77771.1,69960.7,7810.5,8107.5,0,0,102000.0,3400000.0,69663.6,69663.6,110107.5,0,1,0.0,0.8958,0.1042,0.1078,0.2,0.0229
Low,None,2036,87858.8,79877.5,7981.2,9976.4,0,0,107400.0,3580000.0,77882.3,77882.3,117376.4,0,1,0.0,0.8864,0.1136,0.117,0.2,0.0245
Low,None,2037,99769.4,91616.8,8152.6,12553.5,0,0,112800.0,3760000.0,87215.9,87215.9,125353.5,0,1,0.0,0.8742,0.1258,0.1293,0.2,0.0265
Low,None,2038,113416.6,105091.9,8324.7,15718.3,0,0,118200.0,3940000.0,97698.2,97698.2,133918.3,0,1,0.0,0.8614,0.1386,0.1421,0.2,0.0288
Low,None,2039,128350.6,119853.2,8497.4,19498.3,0,0,123600.0,4120000.0,108852.3,108852.3,143098.3,0,1,0.0,0.8481,0.1519,0.1554,0.2,0.0312
Low,None,2040,144614.5,135943.7,8670.8,23696.9,0,0,129000.0,4300000.0,120917.7,120917.7,152696.9,0,1,0.0,0.8361,0.1639,0.1673,0.2,0.0336
Low,Recycling push,2025,16200.4,10106.5,6093.9,252.6,0,0,46320.0,1544000.0,15947.8,15947.8,46572.6,0,1,0.0,0.9844,0.0156,0.0176,0,0.0105
Low,Recycling push,2026,20057.0,13808.6,6248.5,592.8,0,0,52656.0,1755200.0,19464.3,19464.3,53248.8,0,1,0.0,0.9704,0.0296,0.0327,0,0.0114
Low,Recycling push,2027,24142.7,17738.9,6403.8,1082.7,0,0,58992.0,1966400.0,23060.0,23060.0,60074.7,0,1,0.0,0.9552,0.0448,0.0489,0.05,0.0123
Low,Recycling push,2028,28466.1,21906.3,6559.8,1972.6,0,0,65328.0,2177600.0,26493.5,26493.5,67300.6,0,1,0.0,0.9307,0.0693,0.0746,0.1,0.0131
Low,Recycling push,2029,33035.8,26319.2,6716.5,3034.6,0,0,71664.0,2388800.0,30001.1,30001.1,74698.6,0,1,0.0,0.9081,0.0919,0.0981,0.15,0.0138
Low,Recycling push,2030,37860.1,30986.1,6874.0,4631.0,0,0,78000.0,2600000.0,33229.1,33229.1,82631.0,0,1,0.0,0.8777,0.1223,0.1297,0.2,0.0146
Low,Recycling push,2031,44823.5,37764.6,7058.8,6061.1,0,0,82800.0,2760000.0,38762.4,38762.4,88861.1,0,1,0.0,0.8648,0.1352,0.1423,0.2,0.0162
Low,Recycling push,2032,52265.1,45020.2,7244.9,7325.2,0,0,87600.0,2920000.0,44939.9,44939.9,94925.2,0,1,0.0,0.8598,0.1402,0.1466,0.2,0.0179
Low,Recycling push,2033,60217.6,52785.3,7432.2,9179.7,0,0,92400.0,3080000.0,51037.8,51037.8,101579.7,0,1,0.0,0.8476,0.1524,0.1587,0.2,0.0196
Low,Recycling push,2034,68693.5,61072.7,7620.8,10724.7,0,0,97200.0,3240000.0,57968.7,57968.7,107924.7,0,1,0.0,0.8439,0.1561,0.1619,0.2,0.0212
Low,Recycling push,2035,77771.1,69960.7,7810.5,14140.8,0,0,102000.0,3400000.0,63630.4,63630.4,116140.8,0,1,0.0,0.8182,0.1818,0.188,0.2,0.0229
Low,Recycling push,2036,87858.8,79877.5,7981.2,16701.9,0,0,107400.0,3580000.0,71156.8,71156.8,124101.9,0,1,0.0,0.8099,0.1901,0.1959,0.2,0.0245
Low,Recycling push,2037,99769.4,91616.8,8152.6,20215.6,0,0,112800.0,3760000.0,79553.8,79553.8,133015.6,0,1,0.0,0.7974,0.2026,0.2083,0.2,0.0265
Low,Recycling push,2038,113416.6,105091.9,8324.7,24411.4,0,0,118200.0,3940000.0,89005.1,89005.1,142611.4,0,1,0.0,0.7848,0.2152,0.2207,0.2,0.0288
Low,Recycling push,2039,128350.6,119853.2,8497.4,29267.8,0,0,123600.0,4120000.0,99082.7,99082.7,152867.8,0,1,0.0,0.772,0.228,0.2333,0.2,0.0312
Low,Recycling push,2040,144614.5,135943.7,8670.8,34448.0,0,0,129000.0,4300000.0,110166.6,110166.6,163448.0,0,1,0.0,0.7618,0.2382,0.2432,0.2,0.0336
Low,Overseas assets,2025,16200.4,10106.5,6093.9,252.6,0,0,46320.0,1544000.0,15947.8,15947.8,46572.6,0,1,0.0,0.9844,0.0156,0.0176,0,0.0105
Low,Overseas assets,2026,20057.0,13808.6,6248.5,325.5,0,0,52656.0,1755200.0,19731.5,19731.5,52981.5,0,1,0.0,0.9838,0.0162,0.0179,0,0.0114
Low,Overseas assets,2027,24142.7,17738.9,6403.8,460.2,0,0,58992.0,1966400.0,23682.5,23682.5,59452.2,0,1,0.0,0.9809,0.0191,0.0208,0.05,0.0123
Low,Overseas assets,2028,28466.1,21906.3,6559.8,761.6,0,0,65328.0,2177600.0,27704.4,27704.4,66089.6,0,1,0.0,0.9732,0.0268,0.0288,0.1,0.0131
Low,Overseas assets,2029,33035.8,26319.2,6716.5,1080.4,0,0,71664.0,2388800.0,31955.4,31955.4,72744.4,0,1,0.0,0.9673,0.0327,0.0349,0.15,0.0138
Low,Overseas assets,2030,37860.1,30986.1,6874.0,1574.1,0,0,78000.0,2600000.0,36286.0,36286.0,79574.1,0,1,0.0,0.9584,0.0416,0.0441,0.2,0.0146
Low,Overseas assets,2031,44823.5,37764.6,7058.8,2388.6,0,14000.0,82800.0,2760000.0,42434.9,28434.9,99188.6,0,1,0.0,0.9467,0.0533,0.0561,0.2,0.0162
Low,Overseas assets,2032,52265.1,45020.2,7244.9,3224.3,0,18000.0,87600.0,2920000.0,49040.8,31040.8,108824.3,0,1,0.0,0.9383,0.0617,0.0645,0.2,0.0179
Low,Overseas assets,2033,60217.6,52785.3,7432.2,4463.1,0,22000.0,92400.0,3080000.0,55754.4,33754.4,118863.1,0,1,0.0,0.9259,0.0741,0.0772,0.2,0.0196
Low,Overseas assets,2034,68693.5,61072.7,7620.8,5667.3,0,26000.0,97200.0,3240000.0,63026.2,37026.2,128867.3,0,1,0.0,0.9175,0.0825,0.0856,0.2,0.0212
Low,Overseas assets,2035,77771.1,69960.7,7810.5,8107.5,0,30000.0,102000.0,3400000.0,69663.6,39663.6,140107.5,0,1,0.0,0.8958,0.1042,0.1078,0.2,0.0229
Low,Overseas assets,2036,87858.8,79877.5,7981.2,9976.4,0,34000.0,107400.0,3580000.0,77882.3,43882.3,151376.4,0,1,0.0,0.8864,0.1136,0.117,0.2,0.0245
Low,Overseas assets,2037,99769.4,91616.8,8152.6,12553.5,0,38000.0,112800.0,3760000.0,87215.9,49215.9,163353.5,0,1,0.0,0.8742,0.1258,0.1293,0.2,0.0265
Low,Overseas assets,2038,113416.6,105091.9,8324.7,15718.3,0,42000.0,118200.0,3940000.0,97698.2,55698.2,175918.3,0,1,0.0,0.8614,0.1386,0.1421,0.2,0.0288
Low,Overseas assets,2039,128350.6,119853.2,8497.4,19498.3,0,46000.0,123600.0,4120000.0,108852.3,62852.3,189098.3,0,1,0.0,0.8481,0.1519,0.1554,0.2,0.0312
Low,Overseas assets,2040,144614.5,135943.7,8670.8,23696.9,0,50000.0,129000.0,4300000.0,120917.7,70917.7,202696.9,0,1,0.0,0.8361,0.1639,0.1673,0.2,0.0336
Low,Sodium-ion push,2025,16200.4,10106.5,6093.9,252.6,0,0,46320.0,1544000.0,15947.8,15947.8,46572.6,0,1,0.0,0.9844,0.0156,0.0176,0,0.0105
Low,Sodium-ion push,2026,19838.3,13589.8,6248.5,325.5,0,0,52656.0,1755200.0,19512.8,19512.8,52981.5,0,1,0.0,0.9836,0.0164,0.0182,0,0.0113
Low,Sodium-ion push,2027,23558.5,17154.7,6403.8,460.2,0,0,58992.0,1966400.0,23098.3,23098.3,59452.2,0,1,0.0,0.9805,0.0195,0.0213,0.05,0.012
Low,Sodium-ion push,2028,27360.8,20801.0,6559.8,761.6,0,0,65328.0,2177600.0,26599.2,26599.2,66089.6,0,1,0.0,0.9722,0.0278,0.0301,0.1,0.0126
Low,Sodium-ion push,2029,31244.7,24528.1,6716.5,1076.0,0,0,71664.0,2388800.0,30168.7,30168.7,72740.0,0,1,0.0,0.9656,0.0344,0.0369,0.15,0.0131
Low,Sodium-ion push,2030,35208.5,28334.6,6874.0,1562.3,0,0,78000.0,2600000.0,33646.3,33646.3,79562.3,0,1,0.0,0.9556,0.0444,0.0473,0.2,0.0135
Low,Sodium-ion push,2031,41011.8,33952.9,7058.8,2366.4,0,0,82800.0,2760000.0,38645.4,38645.4,85166.4,0,1,0.0,0.9423,0.0577,0.061,0.2,0.0149
Low,Sodium-ion push,2032,47054.5,39809.5,7244.9,3137.1,0,0,87600.0,2920000.0,43917.3,43917.3,90737.1,0,1,0.0,0.9333,0.0667,0.0701,0.2,0.0161
Low,Sodium-ion push,2033,53352.2,45919.9,7432.2,4274.6,0,0,92400.0,3080000.0,49077.6,49077.6,96674.6,0,1,0.0,0.9199,0.0801,0.0839,0.2,0.0173
Low,Sodium-ion push,2034,59903.7,52283.0,7620.8,5332.1,0,0,97200.0,3240000.0,54571.6,54571.6,102532.1,0,1,0.0,0.911,0.089,0.0928,0.2,0.0185
Low,Sodium-ion push,2035,66752.2,58941.7,7810.5,7568.3,0,0,102000.0,3400000.0,59183.9,59183.9,109568.3,0,1,0.0,0.8866,0.1134,0.1179,0.2,0.0196
Low,Sodium-ion push,2036,75662.4,67681.2,7981.2,9185.0,0,0,107400.0,3580000.0,66477.4,66477.4,116585.0,0,1,0.0,0.8786,0.1214,0.1257,0.2,0.0211
Low,Sodium-ion push,2037,86028.4,77875.8,8152.6,11418.6,0,0,112800.0,3760000.0,74609.8,74609.8,124218.6,0,1,0.0,0.8673,0.1327,0.137,0.2,0.0229
Low,Sodium-ion push,2038,97752.1,89427.5,8324.7,14101.6,0,0,118200.0,3940000.0,83650.5,83650.5,132301.6,0,1,0.0,0.8557,0.1443,0.1485,0.2,0.0248
Low,Sodium-ion push,2039,110538.8,102041.4,8497.4,17248.6,0,0,123600.0,4120000.0,93290.3,93290.3,140848.6,0,1,0.0,0.844,0.156,0.1602,0.2,0.0268
Low,Sodium-ion push,2040,124413.1,115742.3,8670.8,20636.8,0,0,129000.0,4300000.0,103776.3,103776.3,149636.8,0,1,0.0,0.8341,0.1659,0.1699,0.2,0.0289
Low,Exploration fast-track,2025,16200.4,10106.5,6093.9,252.6,0,0,46320.0,1544000.0,15947.8,15947.8,46572.6,0,1,0.0,0.9844,0.0156,0.0176,0,0.0105
Low,Exploration fast-track,2026,20057.0,13808.6,6248.5,325.5,0,0,52656.0,1755200.0,19731.5,19731.5,52981.5,0,1,0.0,0.9838,0.0162,0.0179,0,0.0114
Low,Exploration fast-track,2027,24142.7,17738.9,6403.8,460.2,0,0,58992.0,1966400.0,23682.5,23682.5,59452.2,0,1,0.0,0.9809,0.0191,0.0208,0.05,0.0123
Low,Exploration fast-track,2028,28466.1,21906.3,6559.8,761.6,0,0,65328.0,2177600.0,27704.4,27704.4,66089.6,0,1,0.0,0.9732,0.0268,0.0288,0.1,0.0131
Low,Exploration fast-track,2029,33035.8,26319.2,6716.5,1080.4,0,0,71664.0,2388800.0,31955.4,31955.4,72744.4,0,1,0.0,0.9673,0.0327,0.0349,0.15,0.0138
Low,Exploration fast-track,2030,37860.1,30986.1,6874.0,1574.1,0,0,78000.0,2600000.0,36286.0,36286.0,79574.1,0,1,0.0,0.9584,0.0416,0.0441,0.2,0.0146
Low,Exploration fast-track,2031,44823.5,37764.6,7058.8,2388.6,0,0,82800.0,2760000.0,42434.9,42434.9,85188.6,0,1,0.0,0.9467,0.0533,0.0561,0.2,0.0162
Low,Exploration fast-track,2032,52265.1,45020.2,7244.9,3224.3,375.0,0,87600.0,2920000.0,48665.8,48665.8,91199.3,0,1,0.0,0.9311,0.0689,0.0645,0.2,0.0179
Low,Exploration fast-track,2033,60217.6,52785.3,7432.2,4463.1,750.0,0,92400.0,3080000.0,55004.4,55004.4,97613.1,0,1,0.0,0.9134,0.0866,0.0772,0.2,0.0196
Low,Exploration fast-track,2034,68693.5,61072.7,7620.8,5667.3,1125.0,0,97200.0,3240000.0,61901.2,61901.2,103992.3,0,1,0.0,0.9011,0.0989,0.0856,0.2,0.0212
Low,Exploration fast-track,2035,77771.1,69960.7,7810.5,8107.5,1500.0,0,102000.0,3400000.0,68163.6,68163.6,111607.5,0,1,0.0,0.8765,0.1235,0.1078,0.2,0.0229
Low,Exploration fast-track,2036,87858.8,79877.5,7981.2,9976.4,2000.0,0,107400.0,3580000.0,75882.3,75882.3,119376.4,0,1,0.0,0.8637,0.1363,0.117,0.2,0.0245
Low,Exploration fast-track,2037,99769.4,91616.8,8152.6,12553.5,2500.0,0,112800.0,3760000.0,84715.9,84715.9,127853.5,0,1,0.0,0.8491,0.1509,0.1293,0.2,0.0265
Low,Exploration fast-track,2038,113416.6,105091.9,8324.7,15718.3,3000.0,0,118200.0,3940000.0,94698.2,94698.2,136918.3,0,1,0.0,0.835,0.165,0.1421,0.2,0.0288
Low,Exploration fast-track,2039,128350.6,119853.2,8497.4,19498.3,3500.0,0,123600.0,4120000.0,105352.3,105352.3,146598.3,0,1,0.0,0.8208,0.1792,0.1554,0.2,0.0312
Low,Exploration fast-track,2040,144614.5,135943.7,8670.8,23696.9,4000.0,0,129000.0,4300000.0,116917.7,116917.7,156696.9,0,1,0.0,0.8085,0.1915,0.1673,0.2,0.0336
Low,All four levers,2025,16200.4,10106.5,6093.9,252.6,0,0,46320.0,1544000.0,15947.8,15947.8,46572.6,0,1,0.0,0.9844,0.0156,0.0176,0,0.0105
Low,All four levers,2026,19838.3,13589.8,6248.5,592.8,0,0,52656.0,1755200.0,19245.5,19245.5,53248.8,0,1,0.0,0.9701,0.0299,0.0331,0,0.0113
Low,All four levers,2027,23558.5,17154.7,6403.8,1082.7,0,0,58992.0,1966400.0,22475.8,22475.8,60074.7,0,1,0.0,0.954,0.046,0.0502,0.05,0.012
Low,All four levers,2028,27360.8,20801.0,6559.8,1972.6,0,0,65328.0,2177600.0,25388.3,25388.3,67300.6,0,1,0.0,0.9279,0.0721,0.0779,0.1,0.0126
Low,All four levers,2029,31244.7,24528.1,6716.5,3025.1,0,0,71664.0,2388800.0,28219.6,28219.6,74689.1,0,1,0.0,0.9032,0.0968,0.1038,0.15,0.0131
Low,All four levers,2030,35208.5,28334.6,6874.0,4602.9,0,0,78000.0,2600000.0,30605.7,30605.7,82602.9,0,1,0.0,0.8693,0.1307,0.1393,0.2,0.0135
Low,All four levers,2031,41011.8,33952.9,7058.8,6012.2,0,14000.0,82800.0,2760000.0,34999.6,20999.6,102812.2,0,1,0.0,0.8534,0.1466,0.1551,0.2,0.0149
Low,All four levers,2032,47054.5,39809.5,7244.9,7147.0,375.0,18000.0,87600.0,2920000.0,39532.5,21532.5,113122.0,0,1,0.0,0.8401,0.1599,0.1597,0.2,0.0161
Low,All four levers,2033,53352.2,45919.9,7432.2,8820.1,750.0,22000.0,92400.0,3080000.0,43782.1,21782.1,123970.1,0,1,0.0,0.8206,0.1794,0.1731,0.2,0.0173
Low,All four levers,2034,59903.7,52283.0,7620.8,10126.2,1125.0,26000.0,97200.0,3240000.0,48652.5,22652.5,134451.2,0,1,0.0,0.8122,0.1878,0.1763,0.2,0.0185
Low,All four levers,2035,66752.2,58941.7,7810.5,13236.8,1500.0,30000.0,102000.0,3400000.0,52015.4,22015.4,146736.8,0,1,0.0,0.7792,0.2208,0.2061,0.2,0.0196
Low,All four levers,2036,75662.4,67681.2,7981.2,15417.9,2000.0,34000.0,107400.0,3580000.0,58244.5,24244.5,158817.9,0,1,0.0,0.7698,0.2302,0.2111,0.2,0.0211
Low,All four levers,2037,86028.4,77875.8,8152.6,18431.9,2500.0,38000.0,112800.0,3760000.0,65096.5,27096.5,171731.9,0,1,0.0,0.7567,0.2433,0.2212,0.2,0.0229
Low,All four levers,2038,97752.1,89427.5,8324.7,21947.5,3000.0,42000.0,118200.0,3940000.0,72804.7,30804.7,185147.5,0,1,0.0,0.7448,0.2552,0.2311,0.2,0.0248
Low,All four levers,2039,110538.8,102041.4,8497.4,25939.9,3500.0,46000.0,123600.0,4120000.0,81098.9,35098.9,199039.9,0,1,0.0,0.7337,0.2663,0.2409,0.2,0.0268
Low,All four levers,2040,124413.1,115742.3,8670.8,30050.7,4000.0,50000.0,129000.0,4300000.0,90362.4,40362.4,213050.7,0,1,0.0,0.7263,0.2737,0.2474,0.2,0.0289
Base,None,2025,16200.4,10106.5,6093.9,433.1,0,0,46320.0,1544000.0,15767.3,15767.3,46753.1,0,1,0.0,0.9733,0.0267,0.0302,0,0.0105
Base,None,2026,24601.5,18184.5,6417.0,582.8,0,0,52656.0,1755200.0,24018.7,24018.7,53238.8,0,1,0.0,0.9763,0.0237,0.0257,0,0.014
Base,None,2027,33591.2,26846.7,6744.5,840.8,0,0,58992.0,1966400.0,32750.5,32750.5,59832.8,0,1,0.0,0.975,0.025,0.0267,0.05,0.0171
Base,None,2028,43193.3,36116.7,7076.5,1391.6,0,0,65328.0,2177600.0,41801.7,41801.7,66719.6,0,1,0.0,0.9678,0.0322,0.0339,0.1,0.0198
Base,None,2029,53430.4,46017.3,7413.1,2025.1,0,0,71664.0,2388800.0,51405.3,51405.3,73689.1,0,1,0.0,0.9621,0.0379,0.0396,0.15,0.0224
Base,None,2030,64324.8,56570.7,7754.1,2987.4,0,0,78000.0,2600000.0,61337.4,61337.4,80987.4,0,1,0.0,0.9536,0.0464,0.0482,0.2,0.0247
Base,None,2031,76285.6,68096.0,8189.6,4378.5,0,0,82800.0,2760000.0,71907.1,71907.1,87178.5,0,1,0.0,0.9426,0.0574,0.0594,0.2,0.0276
Base,None,2032,89423.4,80791.2,8632.1,6498.5,0,2400.0,87600.0,2920000.0,82924.9,80524.9,96498.5,0,1,0.0,0.9273,0.0727,0.0749,0.2,0.0306
Base,None,2033,103794.2,94712.7,9081.5,9388.0,0,3600.0,92400.0,3080000.0,94406.2,90806.2,105388.0,0,1,0.0,0.9096,0.0904,0.093,0.2,0.0337
Base,None,2034,119434.1,109896.3,9537.8,12707.6,0,4800.0,97200.0,3240000.0,106726.5,101926.5,114707.6,4726.5,0.957,4726.5,0.8936,0.1064,0.1091,0.2,0.0369
Base,None,2035,136444.4,126443.3,10001.1,18169.1,0,6000.0,102000.0,3400000.0,118275.3,112275.3,126169.1,10275.3,0.9187,10275.3,0.8668,0.1332,0.1363,0.2,0.0401
Base,None,2036,156573.2,146046.3,10526.9,23591.4,0,7200.0,107400.0,3580000.0,132981.9,125781.9,138191.4,18381.9,0.8741,18381.9,0.8493,0.1507,0.1539,0.2,0.0437
Base,None,2037,179262.9,168205.9,11057.0,30247.9,0,8400.0,112800.0,3760000.0,149015.0,140615.0,151447.9,27815.0,0.8346,27815.0,0.8313,0.1687,0.1721,0.2,0.0477
Base,None,2038,205982.7,194391.5,11591.2,39384.3,0,9600.0,118200.0,3940000.0,166598.4,156998.4,167184.3,38798.4,0.8004,38798.4,0.8088,0.1912,0.1947,0.2,0.0523
Base,None,2039,234764.0,222634.3,12129.7,49799.1,480.0,10800.0,123600.0,4120000.0,184484.9,173684.9,184679.1,50084.9,0.775,50084.9,0.7858,0.2142,0.2156,0.2,0.057
Base,None,2040,265681.6,253009.2,12672.4,61140.3,600.0,12000.0,129000.0,4300000.0,203941.3,191941.3,202740.3,62941.3,0.7512,62941.3,0.7676,0.2324,0.2337,0.2,0.0618
Base,Recycling push,2025,16200.4,10106.5,6093.9,433.1,0,0,46320.0,1544000.0,15767.3,15767.3,46753.1,0,1,0.0,0.9733,0.0267,0.0302,0,0.0105
Base,Recycling push,2026,24601.5,18184.5,6417.0,780.2,0,0,52656.0,1755200.0,23821.3,23821.3,53436.2,0,1,0.0,0.9683,0.0317,0.0345,0,0.014
Base,Recycling push,2027,33591.2,26846.7,6744.5,1276.2,0,0,58992.0,1966400.0,32315.1,32315.1,60268.2,0,1,0.0,0.962,0.038,0.0405,0.05,0.0171
Base,Recycling push,2028,43193.3,36116.7,7076.5,2172.8,0,0,65328.0,2177600.0,41020.5,41020.5,67500.8,0,1,0.0,0.9497,0.0503,0.053,0.1,0.0198
Base,Recycling push,2029,53430.4,46017.3,7413.1,3245.8,0,0,71664.0,2388800.0,50184.6,50184.6,74909.8,0,1,0.0,0.9393,0.0607,0.0635,0.15,0.0224
Base,Recycling push,2030,64324.8,56570.7,7754.1,4824.6,0,0,78000.0,2600000.0,59500.3,59500.3,82824.6,0,1,0.0,0.925,0.075,0.0779,0.2,0.0247
Base,Recycling push,2031,76285.6,68096.0,8189.6,6369.7,0,0,82800.0,2760000.0,69915.9,69915.9,89169.7,0,1,0.0,0.9165,0.0835,0.0864,0.2,0.0276
Base,Recycling push,2032,89423.4,80791.2,8632.1,8677.2,0,2400.0,87600.0,2920000.0,80746.1,78346.1,98677.2,0,1,0.0,0.903,0.097,0.1,0.2,0.0306
Base,Recycling push,2033,103794.2,94712.7,9081.5,11697.3,0,3600.0,92400.0,3080000.0,92096.9,88496.9,107697.3,0,1,0.0,0.8873,0.1127,0.1158,0.2,0.0337
Base,Recycling push,2034,119434.1,109896.3,9537.8,14954.0,0,4800.0,97200.0,3240000.0,104480.1,99680.1,116954.0,2480.1,0.9774,2480.1,0.8748,0.1252,0.1284,0.2,0.0369
Base,Recycling push,2035,136444.4,126443.3,10001.1,20287.8,0,6000.0,102000.0,3400000.0,116156.6,110156.6,128287.8,8156.6,0.9355,8156.6,0.8513,0.1487,0.1521,0.2,0.0401
Base,Recycling push,2036,156573.2,146046.3,10526.9,25838.5,0,7200.0,107400.0,3580000.0,130734.7,123534.7,140438.5,16134.7,0.8895,16134.7,0.835,0.165,0.1686,0.2,0.0437
Base,Recycling push,2037,179262.9,168205.9,11057.0,32574.9,0,8400.0,112800.0,3760000.0,146688.0,138288.0,153774.9,25488.0,0.8485,25488.0,0.8183,0.1817,0.1853,0.2,0.0477
Base,Recycling push,2038,205982.7,194391.5,11591.2,41771.8,0,9600.0,118200.0,3940000.0,164210.9,154610.9,169571.8,36410.9,0.8127,36410.9,0.7972,0.2028,0.2065,0.2,0.0523
Base,Recycling push,2039,234764.0,222634.3,12129.7,52091.5,480.0,10800.0,123600.0,4120000.0,182192.5,171392.5,186971.5,47792.5,0.7853,47792.5,0.7761,0.2239,0.2256,0.2,0.057
Base,Recycling push,2040,265681.6,253009.2,12672.4,63134.0,600.0,12000.0,129000.0,4300000.0,201947.6,189947.6,204734.0,60947.6,0.7591,60947.6,0.7601,0.2399,0.2413,0.2,0.0618
Base,Overseas assets,2025,16200.4,10106.5,6093.9,433.1,0,0,46320.0,1544000.0,15767.3,15767.3,46753.1,0,1,0.0,0.9733,0.0267,0.0302,0,0.0105
Base,Overseas assets,2026,24601.5,18184.5,6417.0,582.8,0,0,52656.0,1755200.0,24018.7,24018.7,53238.8,0,1,0.0,0.9763,0.0237,0.0257,0,0.014
Base,Overseas assets,2027,33591.2,26846.7,6744.5,840.8,0,0,58992.0,1966400.0,32750.5,32750.5,59832.8,0,1,0.0,0.975,0.025,0.0267,0.05,0.0171
Base,Overseas assets,2028,43193.3,36116.7,7076.5,1391.6,0,0,65328.0,2177600.0,41801.7,41801.7,66719.6,0,1,0.0,0.9678,0.0322,0.0339,0.1,0.0198
Base,Overseas assets,2029,53430.4,46017.3,7413.1,2025.1,0,0,71664.0,2388800.0,51405.3,51405.3,73689.1,0,1,0.0,0.9621,0.0379,0.0396,0.15,0.0224
Base,Overseas assets,2030,64324.8,56570.7,7754.1,2987.4,0,0,78000.0,2600000.0,61337.4,61337.4,80987.4,0,1,0.0,0.9536,0.0464,0.0482,0.2,0.0247
Base,Overseas assets,2031,76285.6,68096.0,8189.6,4378.5,0,14000.0,82800.0,2760000.0,71907.1,57907.1,101178.5,0,1,0.0,0.9426,0.0574,0.0594,0.2,0.0276
Base,Overseas assets,2032,89423.4,80791.2,8632.1,6498.5,0,20400.0,87600.0,2920000.0,82924.9,62524.9,114498.5,0,1,0.0,0.9273,0.0727,0.0749,0.2,0.0306
Base,Overseas assets,2033,103794.2,94712.7,9081.5,9388.0,0,25600.0,92400.0,3080000.0,94406.2,68806.2,127388.0,0,1,0.0,0.9096,0.0904,0.093,0.2,0.0337
Base,Overseas assets,2034,119434.1,109896.3,9537.8,12707.6,0,30800.0,97200.0,3240000.0,106726.5,75926.5,140707.6,0,1,0.0,0.8936,0.1064,0.1091,0.2,0.0369
Base,Overseas assets,2035,136444.4,126443.3,10001.1,18169.1,0,36000.0,102000.0,3400000.0,118275.3,82275.3,156169.1,0,1,0.0,0.8668,0.1332,0.1363,0.2,0.0401
Base,Overseas assets,2036,156573.2,146046.3,10526.9,23591.4,0,41200.0,107400.0,3580000.0,132981.9,91781.9,172191.4,0,1,0.0,0.8493,0.1507,0.1539,0.2,0.0437
Base,Overseas assets,2037,179262.9,168205.9,11057.0,30247.9,0,46400.0,112800.0,3760000.0,149015.0,102615.0,189447.9,0,1,0.0,0.8313,0.1687,0.1721,0.2,0.0477
Base,Overseas assets,2038,205982.7,194391.5,11591.2,39384.3,0,51600.0,118200.0,3940000.0,166598.4,114998.4,209184.3,0,1,0.0,0.8088,0.1912,0.1947,0.2,0.0523
Base,Overseas assets,2039,234764.0,222634.3,12129.7,49799.1,480.0,56800.0,123600.0,4120000.0,184484.9,127684.9,230679.1,4084.9,0.9817,4084.9,0.7858,0.2142,0.2156,0.2,0.057
Base,Overseas assets,2040,265681.6,253009.2,12672.4,61140.3,600.0,62000.0,129000.0,4300000.0,203941.3,141941.3,252740.3,12941.3,0.9489,12941.3,0.7676,0.2324,0.2337,0.2,0.0618
Base,Sodium-ion push,2025,16200.4,10106.5,6093.9,433.1,0,0,46320.0,1544000.0,15767.3,15767.3,46753.1,0,1,0.0,0.9733,0.0267,0.0302,0,0.0105
Base,Sodium-ion push,2026,24297.2,17880.3,6417.0,582.8,0,0,52656.0,1755200.0,23714.4,23714.4,53238.8,0,1,0.0,0.976,0.024,0.0261,0,0.0138
Base,Sodium-ion push,2027,32655.6,25911.1,6744.5,840.8,0,0,58992.0,1966400.0,31814.8,31814.8,59832.8,0,1,0.0,0.9743,0.0257,0.0275,0.05,0.0166
Base,Sodium-ion push,2028,41275.5,34198.9,7076.5,1391.6,0,0,65328.0,2177600.0,39883.9,39883.9,66719.6,0,1,0.0,0.9663,0.0337,0.0356,0.1,0.019
Base,Sodium-ion push,2029,50154.9,42741.9,7413.1,2016.4,0,0,71664.0,2388800.0,48138.6,48138.6,73680.4,0,1,0.0,0.9598,0.0402,0.0421,0.15,0.021
Base,Sodium-ion push,2030,59290.3,51536.2,7754.1,2961.3,0,0,78000.0,2600000.0,56329.0,56329.0,80961.3,0,1,0.0,0.9501,0.0499,0.052,0.2,0.0228
Base,Sodium-ion push,2031,69484.6,61295.0,8189.6,4327.4,0,0,82800.0,2760000.0,65157.2,65157.2,87127.4,0,1,0.0,0.9377,0.0623,0.0646,0.2,0.0252
Base,Sodium-ion push,2032,80536.9,71904.8,8632.1,6306.0,0,2400.0,87600.0,2920000.0,74230.9,71830.9,96306.0,0,1,0.0,0.9217,0.0783,0.081,0.2,0.0276
Base,Sodium-ion push,2033,92469.4,83387.9,9081.5,8939.9,0,3600.0,92400.0,3080000.0,83529.5,79929.5,104939.9,0,1,0.0,0.9033,0.0967,0.0997,0.2,0.03
Base,Sodium-ion push,2034,105286.4,95748.5,9537.8,11867.3,0,4800.0,97200.0,3240000.0,93419.1,88619.1,113867.3,0,1,0.0,0.8873,0.1127,0.116,0.2,0.0325
Base,Sodium-ion push,2035,119035.4,109034.3,10001.1,16761.3,0,6000.0,102000.0,3400000.0,102274.1,96274.1,124761.3,0,1,0.0,0.8592,0.1408,0.1446,0.2,0.035
Base,Sodium-ion push,2036,136462.6,125935.7,10526.9,21461.6,0,7200.0,107400.0,3580000.0,115000.9,107800.9,136061.6,400.9,0.9968,400.9,0.8427,0.1573,0.1611,0.2,0.0381
Base,Sodium-ion push,2037,155915.4,144858.4,11057.0,27170.2,0,8400.0,112800.0,3760000.0,128745.2,120345.2,148370.2,7545.2,0.9479,7545.2,0.8257,0.1743,0.1782,0.2,0.0415
Base,Sodium-ion push,2038,178233.1,166641.8,11591.2,35004.1,0,9600.0,118200.0,3940000.0,143228.9,133628.9,162804.1,15428.9,0.9074,15428.9,0.8036,0.1964,0.2005,0.2,0.0452
Base,Sodium-ion push,2039,202139.8,190010.1,12129.7,43712.1,480.0,10800.0,123600.0,4120000.0,157947.7,147147.7,178592.1,23547.7,0.8761,23547.7,0.7814,0.2186,0.2204,0.2,0.0491
Base,Sodium-ion push,2040,227685.4,215013.0,12672.4,52877.2,600.0,12000.0,129000.0,4300000.0,174208.2,162208.2,194477.2,33208.2,0.8456,33208.2,0.7651,0.2349,0.2364,0.2,0.053
Base,Exploration fast-track,2025,16200.4,10106.5,6093.9,433.1,0,0,46320.0,1544000.0,15767.3,15767.3,46753.1,0,1,0.0,0.9733,0.0267,0.0302,0,0.0105
Base,Exploration fast-track,2026,24601.5,18184.5,6417.0,582.8,0,0,52656.0,1755200.0,24018.7,24018.7,53238.8,0,1,0.0,0.9763,0.0237,0.0257,0,0.014
Base,Exploration fast-track,2027,33591.2,26846.7,6744.5,840.8,0,0,58992.0,1966400.0,32750.5,32750.5,59832.8,0,1,0.0,0.975,0.025,0.0267,0.05,0.0171
Base,Exploration fast-track,2028,43193.3,36116.7,7076.5,1391.6,0,0,65328.0,2177600.0,41801.7,41801.7,66719.6,0,1,0.0,0.9678,0.0322,0.0339,0.1,0.0198
Base,Exploration fast-track,2029,53430.4,46017.3,7413.1,2025.1,0,0,71664.0,2388800.0,51405.3,51405.3,73689.1,0,1,0.0,0.9621,0.0379,0.0396,0.15,0.0224
Base,Exploration fast-track,2030,64324.8,56570.7,7754.1,2987.4,0,0,78000.0,2600000.0,61337.4,61337.4,80987.4,0,1,0.0,0.9536,0.0464,0.0482,0.2,0.0247
Base,Exploration fast-track,2031,76285.6,68096.0,8189.6,4378.5,0,0,82800.0,2760000.0,71907.1,71907.1,87178.5,0,1,0.0,0.9426,0.0574,0.0594,0.2,0.0276
Base,Exploration fast-track,2032,89423.4,80791.2,8632.1,6498.5,375.0,2400.0,87600.0,2920000.0,82549.9,80149.9,96873.5,0,1,0.0,0.9231,0.0769,0.0749,0.2,0.0306
Base,Exploration fast-track,2033,103794.2,94712.7,9081.5,9388.0,750.0,3600.0,92400.0,3080000.0,93656.2,90056.2,106138.0,0,1,0.0,0.9023,0.0977,0.093,0.2,0.0337
Base,Exploration fast-track,2034,119434.1,109896.3,9537.8,12707.6,1125.0,4800.0,97200.0,3240000.0,105601.5,100801.5,115832.6,3601.5,0.9672,3601.5,0.8842,0.1158,0.1091,0.2,0.0369
Base,Exploration fast-track,2035,136444.4,126443.3,10001.1,18169.1,1500.0,6000.0,102000.0,3400000.0,116775.3,110775.3,127669.1,8775.3,0.9306,8775.3,0.8558,0.1442,0.1363,0.2,0.0401
Base,Exploration fast-track,2036,156573.2,146046.3,10526.9,23591.4,2000.0,7200.0,107400.0,3580000.0,130981.9,123781.9,140191.4,16381.9,0.8878,16381.9,0.8366,0.1634,0.1539,0.2,0.0437
Base,Exploration fast-track,2037,179262.9,168205.9,11057.0,30247.9,2500.0,8400.0,112800.0,3760000.0,146515.0,138115.0,153947.9,25315.0,0.8495,25315.0,0.8173,0.1827,0.1721,0.2,0.0477
Base,Exploration fast-track,2038,205982.7,194391.5,11591.2,39384.3,3000.0,9600.0,118200.0,3940000.0,163598.4,153998.4,170184.3,35798.4,0.8158,35798.4,0.7942,0.2058,0.1947,0.2,0.0523
Base,Exploration fast-track,2039,234764.0,222634.3,12129.7,49799.1,3500.0,10800.0,123600.0,4120000.0,181464.9,170664.9,187699.1,47064.9,0.7886,47064.9,0.773,0.227,0.2156,0.2,0.057
Base,Exploration fast-track,2040,265681.6,253009.2,12672.4,61140.3,4000.0,12000.0,129000.0,4300000.0,200541.3,188541.3,206140.3,59541.3,0.7647,59541.3,0.7548,0.2452,0.2337,0.2,0.0618
Base,All four levers,2025,16200.4,10106.5,6093.9,433.1,0,0,46320.0,1544000.0,15767.3,15767.3,46753.1,0,1,0.0,0.9733,0.0267,0.0302,0,0.0105
Base,All four levers,2026,24297.2,17880.3,6417.0,780.2,0,0,52656.0,1755200.0,23517.0,23517.0,53436.2,0,1,0.0,0.9679,0.0321,0.0349,0,0.0138
Base,All four levers,2027,32655.6,25911.1,6744.5,1276.2,0,0,58992.0,1966400.0,31379.4,31379.4,60268.2,0,1,0.0,0.9609,0.0391,0.0417,0.05,0.0166
Base,All four levers,2028,41275.5,34198.9,7076.5,2172.8,0,0,65328.0,2177600.0,39102.7,39102.7,67500.8,0,1,0.0,0.9474,0.0526,0.0556,0.1,0.019
Base,All four levers,2029,50154.9,42741.9,7413.1,3234.3,0,0,71664.0,2388800.0,46920.7,46920.7,74898.3,0,1,0.0,0.9355,0.0645,0.0676,0.15,0.021
Base,All four levers,2030,59290.3,51536.2,7754.1,4789.2,0,0,78000.0,2600000.0,54501.1,54501.1,82789.2,0,1,0.0,0.9192,0.0808,0.0842,0.2,0.0228
Base,All four levers,2031,69484.6,61295.0,8189.6,6303.6,0,14000.0,82800.0,2760000.0,63181.0,49181.0,103103.6,0,1,0.0,0.9093,0.0907,0.0942,0.2,0.0252
Base,All four levers,2032,80536.9,71904.8,8632.1,8438.8,375.0,20400.0,87600.0,2920000.0,71723.2,51323.2,116813.8,0,1,0.0,0.8906,0.1094,0.1084,0.2,0.0276
Base,All four levers,2033,92469.4,83387.9,9081.5,11165.5,750.0,25600.0,92400.0,3080000.0,80553.9,54953.9,129915.5,0,1,0.0,0.8711,0.1289,0.1245,0.2,0.03
Base,All four levers,2034,105286.4,95748.5,9537.8,13997.4,1125.0,30800.0,97200.0,3240000.0,90163.9,59363.9,143122.4,0,1,0.0,0.8564,0.1436,0.1368,0.2,0.0325
Base,All four levers,2035,119035.4,109034.3,10001.1,18748.6,1500.0,36000.0,102000.0,3400000.0,98786.8,62786.8,158248.6,0,1,0.0,0.8299,0.1701,0.1617,0.2,0.035
Base,All four levers,2036,136462.6,125935.7,10526.9,23537.0,2000.0,41200.0,107400.0,3580000.0,110925.5,69725.5,174137.0,0,1,0.0,0.8129,0.1871,0.1767,0.2,0.0381
Base,All four levers,2037,155915.4,144858.4,11057.0,29287.2,2500.0,46400.0,112800.0,3760000.0,124128.2,77728.2,190987.2,0,1,0.0,0.7961,0.2039,0.1921,0.2,0.0415
Base,All four levers,2038,178233.1,166641.8,11591.2,37146.0,3000.0,51600.0,118200.0,3940000.0,138087.0,86487.0,209946.0,0,1,0.0,0.7748,0.2252,0.2128,0.2,0.0452
Base,All four levers,2039,202139.8,190010.1,12129.7,45735.3,3500.0,56800.0,123600.0,4120000.0,152904.5,96104.5,229635.3,0,1,0.0,0.7564,0.2436,0.2306,0.2,0.0491
Base,All four levers,2040,227685.4,215013.0,12672.4,54601.4,4000.0,62000.0,129000.0,4300000.0,169084.0,107084.0,249601.4,0,1,0.0,0.7426,0.2574,0.2441,0.2,0.053
High,None,2025,16200.4,10106.5,6093.9,613.5,0,0,46320.0,1544000.0,15586.9,15586.9,46933.5,0,1,0.0,0.9621,0.0379,0.0428,0,0.0105
High,None,2026,33123.6,26535.7,6587.8,837.6,0,0,52656.0,1755200.0,32285.9,32285.9,53493.6,0,1,0.0,0.9747,0.0253,0.0269,0,0.0189
High,None,2027,51456.1,44366.1,7089.9,1205.7,0,0,58992.0,1966400.0,50250.4,50250.4,60197.7,0,1,0.0,0.9766,0.0234,0.0245,0.05,0.0262
High,None,2028,71253.7,63653.6,7600.2,1954.2,0,0,65328.0,2177600.0,69299.5,69299.5,67282.2,3971.5,0.9376,3971.5,0.9726,0.0274,0.0284,0.1,0.0327
High,None,2029,92570.7,84452.2,8118.5,2882.7,0,0,71664.0,2388800.0,89688.0,89688.0,74546.7,18024.0,0.7866,18024.0,0.9689,0.0311,0.032,0.15,0.0388
High,None,2030,115460.0,106814.9,8645.0,4258.1,0,0,78000.0,2600000.0,111201.8,111201.8,82258.1,33201.8,0.6892,33201.8,0.9631,0.0369,0.0377,0.2,0.0444
High,None,2031,131712.4,122325.7,9386.8,6083.7,0,3000.0,82800.0,2760000.0,125628.7,122628.7,91883.7,39828.7,0.6744,39828.7,0.9538,0.0462,0.0472,0.2,0.0477
High,None,2032,149866.4,139724.3,10142.1,10244.8,0,6000.0,87600.0,2920000.0,139621.6,133621.6,103844.8,46021.6,0.6706,46021.6,0.9316,0.0684,0.0698,0.2,0.0513
High,None,2033,170010.4,159099.3,10911.1,15512.1,480.0,9000.0,92400.0,3080000.0,154018.3,145018.3,117392.1,52618.3,0.6693,52618.3,0.9059,0.0941,0.0931,0.2,0.0552
High,None,2034,192212.3,180518.6,11693.6,21986.1,640.0,12000.0,97200.0,3240000.0,169586.2,157586.2,131826.1,60386.2,0.6655,60386.2,0.8823,0.1177,0.1166,0.2,0.0593
High,None,2035,216605.1,204115.3,12489.9,31262.5,800.0,15000.0,102000.0,3400000.0,184542.6,169542.6,149062.5,67542.6,0.6691,67542.6,0.852,0.148,0.1469,0.2,0.0637
High,None,2036,250616.8,237080.6,13536.1,43671.3,1140.0,18000.0,107400.0,3580000.0,205805.5,187805.5,170211.3,80405.5,0.6609,80405.5,0.8212,0.1788,0.1772,0.2,0.07
High,None,2037,287985.8,273394.2,14591.6,55964.2,1480.0,21000.0,112800.0,3760000.0,230541.6,209541.6,191244.2,96741.6,0.6461,96741.6,0.8005,0.1995,0.1974,0.2,0.0766
High,None,2038,332356.1,316699.7,15656.4,73598.0,1820.0,24000.0,118200.0,3940000.0,256938.1,232938.1,217618.0,114738.1,0.6377,114738.1,0.7731,0.2269,0.2247,0.2,0.0844
High,None,2039,379628.7,362898.3,16730.3,92989.4,2160.0,27000.0,123600.0,4120000.0,284479.3,257479.3,245749.4,133879.3,0.6311,133879.3,0.7494,0.2506,0.2483,0.2,0.0921
High,None,2040,429919.7,412106.2,17813.5,113848.8,2500.0,30000.0,129000.0,4300000.0,313570.9,283570.9,275348.8,154570.9,0.6249,154570.9,0.7294,0.2706,0.2683,0.2,0.1
High,Recycling push,2025,16200.4,10106.5,6093.9,613.5,0,0,46320.0,1544000.0,15586.9,15586.9,46933.5,0,1,0.0,0.9621,0.0379,0.0428,0,0.0105
High,Recycling push,2026,33123.6,26535.7,6587.8,948.0,0,0,52656.0,1755200.0,32175.6,32175.6,53604.0,0,1,0.0,0.9714,0.0286,0.0305,0,0.0189
High,Recycling push,2027,51456.1,44366.1,7089.9,1436.9,0,0,58992.0,1966400.0,50019.2,50019.2,60428.9,0,1,0.0,0.9721,0.0279,0.0292,0.05,0.0262
High,Recycling push,2028,71253.7,63653.6,7600.2,2331.5,0,0,65328.0,2177600.0,68922.2,68922.2,67659.5,3594.2,0.9435,3594.2,0.9673,0.0327,0.0338,0.1,0.0327
High,Recycling push,2029,92570.7,84452.2,8118.5,3444.7,0,0,71664.0,2388800.0,89126.1,89126.1,75108.7,17462.1,0.7932,17462.1,0.9628,0.0372,0.0382,0.15,0.0388
High,Recycling push,2030,115460.0,106814.9,8645.0,5053.6,0,0,78000.0,2600000.0,110406.4,110406.4,83053.6,32406.4,0.6966,32406.4,0.9562,0.0438,0.0448,0.2,0.0444
High,Recycling push,2031,131712.4,122325.7,9386.8,6734.3,0,3000.0,82800.0,2760000.0,124978.1,121978.1,92534.3,39178.1,0.6797,39178.1,0.9489,0.0511,0.0523,0.2,0.0477
High,Recycling push,2032,149866.4,139724.3,10142.1,10689.7,0,6000.0,87600.0,2920000.0,139176.7,133176.7,104289.7,45576.7,0.6738,45576.7,0.9287,0.0713,0.0728,0.2,0.0513
High,Recycling push,2033,170010.4,159099.3,10911.1,15697.8,480.0,9000.0,92400.0,3080000.0,153832.6,144832.6,117577.8,52432.6,0.6704,52432.6,0.9048,0.0952,0.0942,0.2,0.0552
High,Recycling push,2034,192212.3,180518.6,11693.6,21986.1,640.0,12000.0,97200.0,3240000.0,169586.2,157586.2,131826.1,60386.2,0.6655,60386.2,0.8823,0.1177,0.1166,0.2,0.0593
High,Recycling push,2035,216605.1,204115.3,12489.9,31262.5,800.0,15000.0,102000.0,3400000.0,184542.6,169542.6,149062.5,67542.6,0.6691,67542.6,0.852,0.148,0.1469,0.2,0.0637
High,Recycling push,2036,250616.8,237080.6,13536.1,43671.3,1140.0,18000.0,107400.0,3580000.0,205805.5,187805.5,170211.3,80405.5,0.6609,80405.5,0.8212,0.1788,0.1772,0.2,0.07
High,Recycling push,2037,287985.8,273394.2,14591.6,55964.2,1480.0,21000.0,112800.0,3760000.0,230541.6,209541.6,191244.2,96741.6,0.6461,96741.6,0.8005,0.1995,0.1974,0.2,0.0766
High,Recycling push,2038,332356.1,316699.7,15656.4,73598.0,1820.0,24000.0,118200.0,3940000.0,256938.1,232938.1,217618.0,114738.1,0.6377,114738.1,0.7731,0.2269,0.2247,0.2,0.0844
High,Recycling push,2039,379628.7,362898.3,16730.3,92989.4,2160.0,27000.0,123600.0,4120000.0,284479.3,257479.3,245749.4,133879.3,0.6311,133879.3,0.7494,0.2506,0.2483,0.2,0.0921
High,Recycling push,2040,429919.7,412106.2,17813.5,113848.8,2500.0,30000.0,129000.0,4300000.0,313570.9,283570.9,275348.8,154570.9,0.6249,154570.9,0.7294,0.2706,0.2683,0.2,0.1
High,Overseas assets,2025,16200.4,10106.5,6093.9,613.5,0,0,46320.0,1544000.0,15586.9,15586.9,46933.5,0,1,0.0,0.9621,0.0379,0.0428,0,0.0105
High,Overseas assets,2026,33123.6,26535.7,6587.8,837.6,0,0,52656.0,1755200.0,32285.9,32285.9,53493.6,0,1,0.0,0.9747,0.0253,0.0269,0,0.0189
High,Overseas assets,2027,51456.1,44366.1,7089.9,1205.7,0,0,58992.0,1966400.0,50250.4,50250.4,60197.7,0,1,0.0,0.9766,0.0234,0.0245,0.05,0.0262
High,Overseas assets,2028,71253.7,63653.6,7600.2,1954.2,0,0,65328.0,2177600.0,69299.5,69299.5,67282.2,3971.5,0.9376,3971.5,0.9726,0.0274,0.0284,0.1,0.0327
High,Overseas assets,2029,92570.7,84452.2,8118.5,2882.7,0,0,71664.0,2388800.0,89688.0,89688.0,74546.7,18024.0,0.7866,18024.0,0.9689,0.0311,0.032,0.15,0.0388
High,Overseas assets,2030,115460.0,106814.9,8645.0,4258.1,0,0,78000.0,2600000.0,111201.8,111201.8,82258.1,33201.8,0.6892,33201.8,0.9631,0.0369,0.0377,0.2,0.0444
High,Overseas assets,2031,131712.4,122325.7,9386.8,6083.7,0,17000.0,82800.0,2760000.0,125628.7,108628.7,105883.7,25828.7,0.7889,25828.7,0.9538,0.0462,0.0472,0.2,0.0477
High,Overseas assets,2032,149866.4,139724.3,10142.1,10244.8,0,24000.0,87600.0,2920000.0,139621.6,115621.6,121844.8,28021.6,0.7995,28021.6,0.9316,0.0684,0.0698,0.2,0.0513
High,Overseas assets,2033,170010.4,159099.3,10911.1,15512.1,480.0,31000.0,92400.0,3080000.0,154018.3,123018.3,139392.1,30618.3,0.8076,30618.3,0.9059,0.0941,0.0931,0.2,0.0552
High,Overseas assets,2034,192212.3,180518.6,11693.6,21986.1,640.0,38000.0,97200.0,3240000.0,169586.2,131586.2,157826.1,34386.2,0.8095,34386.2,0.8823,0.1177,0.1166,0.2,0.0593
High,Overseas assets,2035,216605.1,204115.3,12489.9,31262.5,800.0,45000.0,102000.0,3400000.0,184542.6,139542.6,179062.5,37542.6,0.8161,37542.6,0.852,0.148,0.1469,0.2,0.0637
High,Overseas assets,2036,250616.8,237080.6,13536.1,43671.3,1140.0,52000.0,107400.0,3580000.0,205805.5,153805.5,204211.3,46405.5,0.8043,46405.5,0.8212,0.1788,0.1772,0.2,0.07
High,Overseas assets,2037,287985.8,273394.2,14591.6,55964.2,1480.0,59000.0,112800.0,3760000.0,230541.6,171541.6,229244.2,58741.6,0.7851,58741.6,0.8005,0.1995,0.1974,0.2,0.0766
High,Overseas assets,2038,332356.1,316699.7,15656.4,73598.0,1820.0,66000.0,118200.0,3940000.0,256938.1,190938.1,259618.0,72738.1,0.7703,72738.1,0.7731,0.2269,0.2247,0.2,0.0844
High,Overseas assets,2039,379628.7,362898.3,16730.3,92989.4,2160.0,73000.0,123600.0,4120000.0,284479.3,211479.3,291749.4,87879.3,0.7578,87879.3,0.7494,0.2506,0.2483,0.2,0.0921
High,Overseas assets,2040,429919.7,412106.2,17813.5,113848.8,2500.0,80000.0,129000.0,4300000.0,313570.9,233570.9,325348.8,104570.9,0.7463,104570.9,0.7294,0.2706,0.2683,0.2,0.1
High,Sodium-ion push,2025,16200.4,10106.5,6093.9,613.5,0,0,46320.0,1544000.0,15586.9,15586.9,46933.5,0,1,0.0,0.9621,0.0379,0.0428,0,0.0105
High,Sodium-ion push,2026,32692.3,26104.5,6587.8,837.6,0,0,52656.0,1755200.0,31854.7,31854.7,53493.6,0,1,0.0,0.9744,0.0256,0.0273,0,0.0186
High,Sodium-ion push,2027,49997.4,42907.4,7089.9,1205.7,0,0,58992.0,1966400.0,48791.6,48791.6,60197.7,0,1,0.0,0.9759,0.0241,0.0252,0.05,0.0254
High,Sodium-ion push,2028,68124.0,60523.9,7600.2,1954.2,0,0,65328.0,2177600.0,66169.8,66169.8,67282.2,841.8,0.9861,841.8,0.9713,0.0287,0.0297,0.1,0.0313
High,Sodium-ion push,2029,87076.9,78958.4,8118.5,2869.7,0,0,71664.0,2388800.0,84207.3,84207.3,74533.7,12543.3,0.8411,12543.3,0.967,0.033,0.0339,0.15,0.0365
High,Sodium-ion push,2030,106856.7,98211.7,8645.0,4216.2,0,0,78000.0,2600000.0,102640.6,102640.6,82216.2,24640.6,0.7491,24640.6,0.9605,0.0395,0.0405,0.2,0.0411
High,Sodium-ion push,2031,120926.5,111539.8,9386.8,5998.9,0,3000.0,82800.0,2760000.0,114927.6,111927.6,91798.9,29127.6,0.7389,29127.6,0.9504,0.0496,0.0508,0.2,0.0438
High,Sodium-ion push,2032,136676.5,126534.5,10142.1,9924.1,0,6000.0,87600.0,2920000.0,126752.5,120752.5,103524.1,33152.5,0.738,33152.5,0.9274,0.0726,0.0743,0.2,0.0468
High,Sodium-ion push,2033,154160.4,143249.3,10911.1,14710.8,480.0,9000.0,92400.0,3080000.0,138969.5,129969.5,116590.8,37569.5,0.7377,37569.5,0.9015,0.0985,0.0975,0.2,0.0501
High,Sodium-ion push,2034,173413.8,161720.1,11693.6,20438.1,640.0,12000.0,97200.0,3240000.0,152335.6,140335.6,130278.1,43135.6,0.7333,43135.6,0.8785,0.1215,0.1203,0.2,0.0535
High,Sodium-ion push,2035,194515.6,182025.7,12489.9,28620.6,800.0,15000.0,102000.0,3400000.0,165094.9,150094.9,146420.6,48094.9,0.7358,48094.9,0.8487,0.1513,0.1501,0.2,0.0572
High,Sodium-ion push,2036,224109.2,210573.0,13536.1,39607.7,1140.0,18000.0,107400.0,3580000.0,183361.5,165361.5,166147.7,57961.5,0.7247,57961.5,0.8182,0.1818,0.1801,0.2,0.0626
High,Sodium-ion push,2037,256369.7,241778.1,14591.6,50444.2,1480.0,21000.0,112800.0,3760000.0,204445.6,183445.6,185724.2,70645.6,0.7078,70645.6,0.7975,0.2025,0.2003,0.2,0.0682
High,Sodium-ion push,2038,293458.4,277802.1,15656.4,66151.7,1820.0,24000.0,118200.0,3940000.0,225486.7,201486.7,210171.7,83286.7,0.7002,83286.7,0.7684,0.2316,0.2292,0.2,0.0745
High,Sodium-ion push,2039,332735.8,316005.5,16730.3,83049.4,2160.0,27000.0,123600.0,4120000.0,247526.4,220526.4,235809.4,96926.4,0.6933,96926.4,0.7439,0.2561,0.2535,0.2,0.0808
High,Sodium-ion push,2040,374297.8,356484.3,17813.5,100781.2,2500.0,30000.0,129000.0,4300000.0,271016.6,241016.6,262281.2,112016.6,0.6858,112016.6,0.7241,0.2759,0.2733,0.2,0.087
High,Exploration fast-track,2025,16200.4,10106.5,6093.9,613.5,0,0,46320.0,1544000.0,15586.9,15586.9,46933.5,0,1,0.0,0.9621,0.0379,0.0428,0,0.0105
High,Exploration fast-track,2026,33123.6,26535.7,6587.8,837.6,0,0,52656.0,1755200.0,32285.9,32285.9,53493.6,0,1,0.0,0.9747,0.0253,0.0269,0,0.0189
High,Exploration fast-track,2027,51456.1,44366.1,7089.9,1205.7,0,0,58992.0,1966400.0,50250.4,50250.4,60197.7,0,1,0.0,0.9766,0.0234,0.0245,0.05,0.0262
High,Exploration fast-track,2028,71253.7,63653.6,7600.2,1954.2,0,0,65328.0,2177600.0,69299.5,69299.5,67282.2,3971.5,0.9376,3971.5,0.9726,0.0274,0.0284,0.1,0.0327
High,Exploration fast-track,2029,92570.7,84452.2,8118.5,2882.7,0,0,71664.0,2388800.0,89688.0,89688.0,74546.7,18024.0,0.7866,18024.0,0.9689,0.0311,0.032,0.15,0.0388
High,Exploration fast-track,2030,115460.0,106814.9,8645.0,4258.1,0,0,78000.0,2600000.0,111201.8,111201.8,82258.1,33201.8,0.6892,33201.8,0.9631,0.0369,0.0377,0.2,0.0444
High,Exploration fast-track,2031,131712.4,122325.7,9386.8,6083.7,0,3000.0,82800.0,2760000.0,125628.7,122628.7,91883.7,39828.7,0.6744,39828.7,0.9538,0.0462,0.0472,0.2,0.0477
High,Exploration fast-track,2032,149866.4,139724.3,10142.1,10244.8,375.0,6000.0,87600.0,2920000.0,139246.6,133246.6,104219.8,45646.6,0.6733,45646.6,0.9291,0.0709,0.0698,0.2,0.0513
High,Exploration fast-track,2033,170010.4,159099.3,10911.1,15512.1,750.0,9000.0,92400.0,3080000.0,153748.3,144748.3,117662.1,52348.3,0.671,52348.3,0.9043,0.0957,0.0931,0.2,0.0552
High,Exploration fast-track,2034,192212.3,180518.6,11693.6,21986.1,1125.0,12000.0,97200.0,3240000.0,169101.2,157101.2,132311.1,59901.2,0.6682,59901.2,0.8798,0.1202,0.1166,0.2,0.0593
High,Exploration fast-track,2035,216605.1,204115.3,12489.9,31262.5,1500.0,15000.0,102000.0,3400000.0,183842.6,168842.6,149762.5,66842.6,0.6725,66842.6,0.8487,0.1513,0.1469,0.2,0.0637
High,Exploration fast-track,2036,250616.8,237080.6,13536.1,43671.3,2000.0,18000.0,107400.0,3580000.0,204945.5,186945.5,171071.3,79545.5,0.6645,79545.5,0.8178,0.1822,0.1772,0.2,0.07
High,Exploration fast-track,2037,287985.8,273394.2,14591.6,55964.2,2500.0,21000.0,112800.0,3760000.0,229521.6,208521.6,192264.2,95721.6,0.6499,95721.6,0.797,0.203,0.1974,0.2,0.0766
High,Exploration fast-track,2038,332356.1,316699.7,15656.4,73598.0,3000.0,24000.0,118200.0,3940000.0,255758.1,231758.1,218798.0,113558.1,0.6414,113558.1,0.7695,0.2305,0.2247,0.2,0.0844
High,Exploration fast-track,2039,379628.7,362898.3,16730.3,92989.4,3500.0,27000.0,123600.0,4120000.0,283139.3,256139.3,247089.4,132539.3,0.6348,132539.3,0.7458,0.2542,0.2483,0.2,0.0921
High,Exploration fast-track,2040,429919.7,412106.2,17813.5,113848.8,4000.0,30000.0,129000.0,4300000.0,312070.9,282070.9,276848.8,153070.9,0.6286,153070.9,0.7259,0.2741,0.2683,0.2,0.1
High,All four levers,2025,16200.4,10106.5,6093.9,613.5,0,0,46320.0,1544000.0,15586.9,15586.9,46933.5,0,1,0.0,0.9621,0.0379,0.0428,0,0.0105
High,All four levers,2026,32692.3,26104.5,6587.8,948.0,0,0,52656.0,1755200.0,31744.3,31744.3,53604.0,0,1,0.0,0.971,0.029,0.0309,0,0.0186
High,All four levers,2027,49997.4,42907.4,7089.9,1436.9,0,0,58992.0,1966400.0,48560.4,48560.4,60428.9,0,1,0.0,0.9713,0.0287,0.03,0.05,0.0254
High,All four levers,2028,68124.0,60523.9,7600.2,2331.5,0,0,65328.0,2177600.0,65792.5,65792.5,67659.5,464.5,0.9923,464.5,0.9658,0.0342,0.0354,0.1,0.0313
High,All four levers,2029,87076.9,78958.4,8118.5,3430.9,0,0,71664.0,2388800.0,83646.0,83646.0,75094.9,11982.0,0.8482,11982.0,0.9606,0.0394,0.0406,0.15,0.0365
High,All four levers,2030,106856.7,98211.7,8645.0,5009.2,0,0,78000.0,2600000.0,101847.6,101847.6,83009.2,23847.6,0.7572,23847.6,0.9531,0.0469,0.0481,0.2,0.0411
High,All four levers,2031,120926.5,111539.8,9386.8,6646.5,0,17000.0,82800.0,2760000.0,114280.0,97280.0,106446.5,14480.0,0.8702,14480.0,0.945,0.055,0.0563,0.2,0.0438
High,All four levers,2032,136676.5,126534.5,10142.1,10365.4,375.0,24000.0,87600.0,2920000.0,125936.2,101936.2,122340.4,14336.2,0.8867,14336.2,0.9214,0.0786,0.0776,0.2,0.0468
High,All four levers,2033,154160.4,143249.3,10911.1,14896.5,750.0,31000.0,92400.0,3080000.0,138513.9,107513.9,139046.5,15113.9,0.8945,15113.9,0.8985,0.1015,0.0988,0.2,0.0501
High,All four levers,2034,173413.8,161720.1,11693.6,20438.1,1125.0,38000.0,97200.0,3240000.0,151850.6,113850.6,156763.1,16650.6,0.897,16650.6,0.8757,0.1243,0.1203,0.2,0.0535
High,All four levers,2035,194515.6,182025.7,12489.9,28620.6,1500.0,45000.0,102000.0,3400000.0,164394.9,119394.9,177120.6,17394.9,0.9044,17394.9,0.8452,0.1548,0.1501,0.2,0.0572
High,All four levers,2036,224109.2,210573.0,13536.1,39607.7,2000.0,52000.0,107400.0,3580000.0,182501.5,130501.5,201007.7,23101.5,0.8903,23101.5,0.8143,0.1857,0.1801,0.2,0.0626
High,All four levers,2037,256369.7,241778.1,14591.6,50444.2,2500.0,59000.0,112800.0,3760000.0,203425.6,144425.6,224744.2,31625.6,0.8692,31625.6,0.7935,0.2065,0.2003,0.2,0.0682
High,All four levers,2038,293458.4,277802.1,15656.4,66151.7,3000.0,66000.0,118200.0,3940000.0,224306.7,158306.7,253351.7,40106.7,0.8556,40106.7,0.7644,0.2356,0.2292,0.2,0.0745
High,All four levers,2039,332735.8,316005.5,16730.3,83049.4,3500.0,73000.0,123600.0,4120000.0,246186.4,173186.4,283149.4,49586.4,0.8431,49586.4,0.7399,0.2601,0.2535,0.2,0.0808
High,All four levers,2040,374297.8,356484.3,17813.5,100781.2,4000.0,80000.0,129000.0,4300000.0,269516.6,189516.6,313781.2,60516.6,0.8302,60516.6,0.7201,0.2799,0.2733,0.2,0.087
