Source_ID,Publisher,Title,Year,URL,Accessed
S01,USGS,Mineral Commodity Summaries 2026: Lithium,2026,https://pubs.usgs.gov/periodicals/mcs2026/mcs2026-lithium.pdf,2026-10-10
S02,Lok Sabha (Ministry of Mines),Unstarred Question No. 267 on lithium in J&K (answered 24 Jul 2024),2024,https://eparlib.nic.in/bitstream/123456789/2980749/1/AU267_CULiB1.pdf,2026-10-10
S03,CEEW,Making India a Hub for Critical Minerals Processing (Kumar; Chandhok; Jain),2025,https://www.ceew.in/node/4672,2026-10-10
S04,CEEW; CSEP; ICRIER; IISD; Shakti,State of the Sector: Critical Energy Transition Minerals for India Vol. I,2025,https://www.ceew.in/node/4306,2026-10-10
S05,CEEW; CSEP; ICRIER; IISD; Shakti,State of the Sector: Critical Energy Transition Minerals for India Vol. II,2025,https://www.ceew.in/sites/default/files/state-of-the-sector-cetms-for-india-vol-ii.pdf,2026-10-10
S06,World Bank WITS (UN Comtrade),India imports by partner: HS 283691 and 282520,2026,https://wits.worldbank.org/trade/comtrade/en/country/IND/year/2023/tradeflow/Imports/partner/ALL/product/283691,2026-10-10
S07,Autocar Professional (Vahan data),EV sales grow 17% to 1.96 million in FY2025,2025,https://autocarpro.in/analysis-sales/ev-sales-grow-17-to-196-million-in-fy2025-2-and-3ws-cars-and-suvs-hit-new-highs-125656,2026-10-10
S08,EVreporter,India EV Report FY 2024-25 (excerpts),2025,https://evreporter.com/evreporter-india-ev-report-fy-2024-25-excerpts/,2026-10-10
S09,JMK Research,Annual India EV Report Card FY2026,2026,https://jmkresearch.com/annual-india-ev-report-card-fy2026/,2026-10-10
S10,IESA via EV Infrastructure News,India registered 2.55 million EV sales in FY2025-26,2026,https://www.evinfrastructurenews.com/emobility/india-registers-2-55-million-ev-sales-in-fy2025-26-says-iesa,2026-10-10
S11,CEA via Powerline,National Electricity Plan (Generation) 2022-32,2023,https://powerline.net.in/2023/07/03/green-roadmap-cea-prioritises-renewables-in-the-national-electricity-plan/,2026-10-10
S12,Powerline,Growing Pipeline: battery storage market moves towards larger-scale deployment,2026,https://powerline.net.in/2026/07/24/growing-pipeline-battery-storage-market-moves-towards-larger-scale-deployment/,2026-10-10
S13,IDC via EET India,India smartphone market flat in 2025,2026,https://www.eetindia.co.in/idc-india-smartphone-market-flat-in-2025/,2026-10-10
S14,IDC,India PC market records strongest-ever year: 15.9 million units in 2025,2026,https://www.idc.com/resource-center/press-releases/india-pc-market-2025/,2026-10-10
S15,IDC,India wearables market 2025,2026,https://www.idc.com/resource-center/press-releases/india-wearables-market-fy2025/,2026-10-10
S16,IEEFA,Assessing India's ACC PLI scheme,2026,https://ieefa.org/sites/default/files/2026-01/Assessing%20India%27s%20ACC%20PLI%20scheme.pdf,2026-10-10
S17,IEA Policies Database,Battery Waste Management Rules 2022,2022,https://www.iea.org/policies/25166-battery-waste-management-rules-2022,2026-10-10
S18,IANS,Cabinet approves Rs 1500 crore incentive scheme to boost critical mineral recycling,2025,https://ianslive.in/cabinet-approves-rs-1500-crore-incentive-scheme-to-boost-critical-mineral-recycling--20250903194204,2026-10-10
S19,Rio Times,KABIL Argentina lithium 2030,2026,https://www.riotimesonline.com/kabil-argentina-lithium-2030/,2026-10-10
S20,Goodreturns,Maiki South Mining wins first lithium block (Katghora),2024,https://www.goodreturns.in/news/maiki-south-mining-wins-first-lithium-block-chhattisgarh-011-1353663.html,2026-10-10
S21,Swarajya,Long road to lithium: what is stalling India's critical mineral pursuit,2024,https://swarajyamag.com/amp/story/infrastructure/long-road-to-lithium-what-is-stalling-indias-critical-mineral-pursuit,2026-10-10
S22,IEA,Global Critical Minerals Outlook 2025: overview of outlook for key minerals,2025,https://www.iea.org/reports/global-critical-minerals-outlook-2025/overview-of-outlook-for-key-minerals,2026-10-10
S23,IEA,Global Critical Minerals Outlook 2026: outlook,2026,https://www.iea.org/reports/global-critical-minerals-outlook-2026/outlook,2026-10-10
S24,IEA,Critical Minerals Policy Tracker: promoting exploration production and innovation,2023,https://www.iea.org/reports/critical-minerals-policy-tracker/promoting-exploration-production-and-innovation,2026-10-10
S25,NITI Aayog and RMI via Business Today,India could achieve high penetration of EVs by 2030,2019,https://www.businesstoday.in/latest/story/india-could-achieve-high-penetration-of-electric-vehicles-by-2030-niti-aayog-184081-2019-04-05,2026-10-10
S26,Lubes'n'Greases (NLGI survey),Lithium greases rebound in China and India,2021,https://www.lubesngreases.com/lubereport-asia/8_25/lithium-greases-rebound-in-china-india/,2026-10-10
S27,WRI India,Roadmap for alternative batteries and financing ecosystem for e-rickshaws in India,2024,https://wri-india.org/sites/default/files/Roadmap%20for%20alternative%20batteries%20and%20financing%20ecosystem%20for%20e-rickshaws%20in%20India%2011th%20April.pdf,2026-10-10
S28,ICEA via Morung Express,Smartphones now India's largest export commodity,2025,https://morungexpress.com/smartphones-now-indias-largest-export-commodity-total-production-hits-rs-524-lakh-cr,2026-10-10
S29,CES via Outlook Business,India's EV battery demand to rise to 256.3 GWh by 2032,2025,https://www.outlookbusiness.com/planet/industry/indias-ev-battery-demand-to-rise-multifold-to-2563-gwh-by-2032-report,2026-10-10
S30,Grant Thornton Bharat via IANS,India's critical mineral demand likely to rise up to 10-fold by 2047,2026,https://ianslive.in/indias-critical-mineral-demand-likely-to-rise-up-to-10-fold-by-2047-report--20260730141615,2026-10-10
S31,EVreporter,Lithium deposits found in J&K: what to make of the discovery?,2023,https://evreporter.com/lithium-deposits-found-in-jk-what-to-make-of-the-discovery/,2026-10-10
A00,Project I author,Modelling assumption (see Assumptions sheet for reasoning),2026,,2026-10-10
