Reporter,Year,HS6,Product,Partner,Trade_Value_USD_Thousand,Quantity,Quantity_Unit
India,2018,283691,Lithium carbonates,World,"14,622.29","1,656,320",Kg
India,2018,283691,Lithium carbonates,United States,"5,029.21","124,803",Kg
India,2018,283691,Lithium carbonates,Chile,"4,042.80","248,400",Kg
India,2018,283691,Lithium carbonates,Belgium,"1,954.25","201,600",Kg
India,2018,283691,Lithium carbonates,China,"1,412.24","115,533",Kg
India,2018,283691,Lithium carbonates,Slovenia,518.36,"12,515",Kg
India,2018,283691,Lithium carbonates,Argentina,467.65,"28,400",Kg
India,2018,283691,Lithium carbonates,Austria,359.33,"9,500",Kg
India,2018,283691,Lithium carbonates,Ireland,293.69,"540,000",Kg
India,2018,283691,Lithium carbonates,United Kingdom,249.82,"150,001",Kg
India,2018,283691,Lithium carbonates,Singapore,139.15,"3,531",Kg
India,2018,283691,Lithium carbonates,France,118.96,"220,000",Kg
India,2018,283691,Lithium carbonates,Italy,30.64,"1,700",Kg
India,2018,283691,Lithium carbonates,Japan,5.11,280,Kg
India,2018,283691,Lithium carbonates,Germany,1.09,58,Kg
India,2019,283691,Lithium carbonates,World,"12,713.28","1,297,650",Kg
India,2019,283691,Lithium carbonates,United States,"4,229.08","150,756",Kg
India,2019,283691,Lithium carbonates,Belgium,"2,746.20","204,550",Kg
India,2019,283691,Lithium carbonates,Chile,"1,913.46","121,000",Kg
India,2019,283691,Lithium carbonates,China,"1,222.13","103,500",Kg
India,2019,283691,Lithium carbonates,Singapore,592.93,"16,000",Kg
India,2019,283691,Lithium carbonates,Slovenia,591.17,"14,000",Kg
India,2019,283691,Lithium carbonates,Argentina,537.89,"44,000",Kg
India,2019,283691,Lithium carbonates,United Kingdom,348.99,"30,005",Kg
India,2019,283691,Lithium carbonates,Netherlands,204.15,"400,000",Kg
India,2019,283691,Lithium carbonates,Japan,173.06,"12,000",Kg
India,2019,283691,Lithium carbonates,Ireland,106.93,"200,000",Kg
India,2019,283691,Lithium carbonates,Italy,29.29,"1,500",Kg
India,2019,283691,Lithium carbonates,Malaysia,16.23,200,Kg
India,2019,283691,Lithium carbonates,Germany,1.73,138,Kg
India,2019,283691,Lithium carbonates,Russian Federation,0.04,2,Kg
India,2020,283691,Lithium carbonates,World,"8,091.12","1,090,510",Kg
India,2020,283691,Lithium carbonates,United States,"3,008.44","109,635",Kg
India,2020,283691,Lithium carbonates,Belgium,"1,512.90","222,400",Kg
India,2020,283691,Lithium carbonates,Chile,"1,031.99","99,000",Kg
India,2020,283691,Lithium carbonates,Singapore,619.49,"16,803",Kg
India,2020,283691,Lithium carbonates,Germany,584.26,"105,270",Kg
India,2020,283691,Lithium carbonates,Argentina,465.47,"72,000",Kg
India,2020,283691,Lithium carbonates,China,317.78,"45,930",Kg
India,2020,283691,Lithium carbonates,Slovenia,246.09,"6,000",Kg
India,2020,283691,Lithium carbonates,Ireland,155.80,"300,000",Kg
India,2020,283691,Lithium carbonates,Netherlands,58.18,"100,200",Kg
India,2020,283691,Lithium carbonates,Canada,46.19,"9,000",Kg
India,2020,283691,Lithium carbonates,United Kingdom,23.36,"3,010",Kg
India,2020,283691,Lithium carbonates,Italy,19.86,"1,200",Kg
India,2020,283691,Lithium carbonates,Japan,1.31,60,Kg
India,2021,283691,Lithium carbonates,World,"8,847.22","1,124,220",Kg
India,2021,283691,Lithium carbonates,United States,"2,764.62","49,602",Kg
India,2021,283691,Lithium carbonates,Belgium,"2,451.88","535,201",Kg
India,2021,283691,Lithium carbonates,Austria,587.94,"12,950",Kg
India,2021,283691,Lithium carbonates,Singapore,577.63,"16,000",Kg
India,2021,283691,Lithium carbonates,China,458.55,"43,675",Kg
India,2021,283691,Lithium carbonates,Slovenia,377.73,"8,000",Kg
India,2021,283691,Lithium carbonates,Chile,361.50,"46,500",Kg
India,2021,283691,Lithium carbonates,Germany,355.18,"46,203",Kg
India,2021,283691,Lithium carbonates,Argentina,320.79,"32,000",Kg
India,2021,283691,Lithium carbonates,United Kingdom,224.40,"30,086",Kg
India,2021,283691,Lithium carbonates,Canada,197.50,"4,000",Kg
India,2021,283691,Lithium carbonates,Ireland,169.50,"300,000",Kg
India,2022,283691,Lithium carbonates,World,"17,205.25","1,211,440",Kg
India,2022,283691,Lithium carbonates,Belgium,"10,562.90","243,800",Kg
India,2022,283691,Lithium carbonates,United States,"2,732.03","56,731",Kg
India,2022,283691,Lithium carbonates,United Kingdom,"1,357.84","20,000",Kg
India,2022,283691,Lithium carbonates,Germany,845.47,"38,058",Kg
India,2022,283691,Lithium carbonates,Slovenia,688.23,"15,000",Kg
India,2022,283691,Lithium carbonates,Argentina,531.51,"36,000",Kg
India,2022,283691,Lithium carbonates,Netherlands,330.74,"600,000",Kg
India,2022,283691,Lithium carbonates,Ireland,106.68,"200,000",Kg
India,2022,283691,Lithium carbonates,China,34.67,"1,004",Kg
India,2022,283691,Lithium carbonates,Italy,14.71,800,Kg
India,2022,283691,Lithium carbonates,Brazil,0.47,50,Kg
India,2023,283691,Lithium carbonates,World,"30,558.21","1,180,180",Kg
India,2023,283691,Lithium carbonates,Chile,"7,675.89","183,600",Kg
India,2023,283691,Lithium carbonates,United States,"7,447.19","69,125",Kg
India,2023,283691,Lithium carbonates,Argentina,"4,803.49","110,000",Kg
India,2023,283691,Lithium carbonates,China,"3,522.33","99,039",Kg
India,2023,283691,Lithium carbonates,Brazil,"1,712.66","28,100",Kg
India,2023,283691,Lithium carbonates,United Kingdom,"1,464.54","30,000",Kg
India,2023,283691,Lithium carbonates,Belgium,"1,405.90","33,300",Kg
India,2023,283691,Lithium carbonates,Slovenia,"1,095.63","5,000",Kg
India,2023,283691,Lithium carbonates,Germany,911.96,"18,008",Kg
India,2023,283691,Lithium carbonates,Ireland,354.19,"600,000",Kg
India,2023,283691,Lithium carbonates,Japan,157.26,"3,630",Kg
India,2023,283691,Lithium carbonates,Switzerland,6.66,360,Kg
India,2023,283691,Lithium carbonates,Austria,0.45,17,Kg
India,2023,283691,Lithium carbonates,Singapore,0.06,1,Kg
India,2024,283691,Lithium carbonates,World,"10,977.02","891,184",Kg
India,2024,283691,Lithium carbonates,United States,"4,461.34","47,255",Kg
India,2024,283691,Lithium carbonates,Chile,"3,464.15","271,600",Kg
India,2024,283691,Lithium carbonates,China,"2,477.77","154,557",Kg
India,2024,283691,Lithium carbonates,Ireland,225.20,"400,000",Kg
India,2024,283691,Lithium carbonates,Germany,211.31,"15,102",Kg
India,2024,283691,Lithium carbonates,Brazil,59.45,"1,100",Kg
India,2024,283691,Lithium carbonates,Japan,55.96,"1,058",Kg
India,2024,283691,Lithium carbonates,India,18.74,200,Kg
India,2024,283691,Lithium carbonates,United Arab Emirates,2.94,41,Kg
India,2024,283691,Lithium carbonates,Singapore,0.09,126,Kg
India,2024,283691,Lithium carbonates,Zimbabwe,0.07,145,Kg
India,2018,282520,Lithium oxide and hydroxide,World,"34,747.88","1,984,260",Kg
India,2018,282520,Lithium oxide and hydroxide,China,"14,106.03","771,907",Kg
India,2018,282520,Lithium oxide and hydroxide,Russian Federation,"11,601.70","718,431",Kg
India,2018,282520,Lithium oxide and hydroxide,Belgium,"6,333.14","345,002",Kg
India,2018,282520,Lithium oxide and hydroxide,Netherlands,"1,047.80","65,100",Kg
India,2018,282520,Lithium oxide and hydroxide,Germany,703.25,"22,554",Kg
India,2018,282520,Lithium oxide and hydroxide,Japan,351.49,"20,012",Kg
India,2018,282520,Lithium oxide and hydroxide,Switzerland,340.30,"20,000",Kg
India,2018,282520,Lithium oxide and hydroxide,United States,243.21,"20,023",Kg
India,2018,282520,Lithium oxide and hydroxide,United Kingdom,6.83,740,Kg
India,2018,282520,Lithium oxide and hydroxide,Singapore,6.28,14,Kg
India,2018,282520,Lithium oxide and hydroxide,"Hong Kong, China",3.49,35,Kg
India,2018,282520,Lithium oxide and hydroxide,Ireland,3.08,20,Kg
India,2018,282520,Lithium oxide and hydroxide,"Other Asia, nes",1.26,425,Kg
India,2018,282520,Lithium oxide and hydroxide,Canada,0.03,2,Kg
India,2019,282520,Lithium oxide and hydroxide,World,"23,152.07","1,928,310",Kg
India,2019,282520,Lithium oxide and hydroxide,Belgium,"9,483.99","708,003",Kg
India,2019,282520,Lithium oxide and hydroxide,China,"6,102.32","487,051",Kg
India,2019,282520,Lithium oxide and hydroxide,Russian Federation,"4,642.09","498,000",Kg
India,2019,282520,Lithium oxide and hydroxide,Latvia,"1,015.38","88,000",Kg
India,2019,282520,Lithium oxide and hydroxide,Singapore,760.95,"50,000",Kg
India,2019,282520,Lithium oxide and hydroxide,Chile,376.25,"40,000",Kg
India,2019,282520,Lithium oxide and hydroxide,Germany,317.74,"15,789",Kg
India,2019,282520,Lithium oxide and hydroxide,Japan,243.72,"20,000",Kg
India,2019,282520,Lithium oxide and hydroxide,"Hong Kong, China",73.91,"5,001",Kg
India,2019,282520,Lithium oxide and hydroxide,United States,70.81,"11,421",Kg
India,2019,282520,Lithium oxide and hydroxide,Netherlands,63.65,"5,000",Kg
India,2019,282520,Lithium oxide and hydroxide,United Kingdom,1.08,34,Kg
India,2019,282520,Lithium oxide and hydroxide,United Arab Emirates,0.12,6,Kg
India,2019,282520,Lithium oxide and hydroxide,Canada,0.05,3,Kg
India,2019,282520,Lithium oxide and hydroxide,Switzerland,0.02,1,Kg
India,2020,282520,Lithium oxide and hydroxide,World,"12,485.15","1,855,960",Kg
India,2020,282520,Lithium oxide and hydroxide,Chile,"3,431.83","540,000",Kg
India,2020,282520,Lithium oxide and hydroxide,Russian Federation,"2,970.81","475,100",Kg
India,2020,282520,Lithium oxide and hydroxide,China,"2,233.30","313,001",Kg
India,2020,282520,Lithium oxide and hydroxide,Belgium,"1,607.01","218,001",Kg
India,2020,282520,Lithium oxide and hydroxide,Latvia,"1,308.71","220,000",Kg
India,2020,282520,Lithium oxide and hydroxide,Germany,421.28,"22,404",Kg
India,2020,282520,Lithium oxide and hydroxide,Japan,265.43,"32,267",Kg
India,2020,282520,Lithium oxide and hydroxide,"Hong Kong, China",128.88,"15,000",Kg
India,2020,282520,Lithium oxide and hydroxide,United Arab Emirates,108.95,"20,000",Kg
India,2020,282520,Lithium oxide and hydroxide,United States,6.99,85,Kg
India,2020,282520,Lithium oxide and hydroxide,United Kingdom,1.21,76,Kg
India,2020,282520,Lithium oxide and hydroxide,Switzerland,0.74,23,Kg
India,2021,282520,Lithium oxide and hydroxide,World,"24,116.21","2,756,830",Kg
India,2021,282520,Lithium oxide and hydroxide,Russian Federation,"8,899.72","1,210,000",Kg
India,2021,282520,Lithium oxide and hydroxide,Belgium,"4,685.28","530,000",Kg
India,2021,282520,Lithium oxide and hydroxide,China,"3,281.42","327,175",Kg
India,2021,282520,Lithium oxide and hydroxide,United Arab Emirates,"2,734.71","232,000",Kg
India,2021,282520,Lithium oxide and hydroxide,Latvia,"2,341.72","280,000",Kg
India,2021,282520,Lithium oxide and hydroxide,Singapore,"1,004.88","60,000",Kg
India,2021,282520,Lithium oxide and hydroxide,United Kingdom,827.75,"90,005",Kg
India,2021,282520,Lithium oxide and hydroxide,Germany,294.35,"24,599",Kg
India,2021,282520,Lithium oxide and hydroxide,Czech Republic,35.04,"2,160",Kg
India,2021,282520,Lithium oxide and hydroxide,United States,4.78,6,Kg
India,2021,282520,Lithium oxide and hydroxide,France,3.84,687,Kg
India,2021,282520,Lithium oxide and hydroxide,Netherlands,2.74,200,Kg
India,2022,282520,Lithium oxide and hydroxide,World,"67,258.06","1,330,530",Kg
India,2022,282520,Lithium oxide and hydroxide,Belgium,"31,656.50","515,000",Kg
India,2022,282520,Lithium oxide and hydroxide,Russian Federation,"12,342.69","359,001",Kg
India,2022,282520,Lithium oxide and hydroxide,United Arab Emirates,"10,000.26","160,472",Kg
India,2022,282520,Lithium oxide and hydroxide,Singapore,"4,325.12","120,000",Kg
India,2022,282520,Lithium oxide and hydroxide,China,"4,103.41","51,252",Kg
India,2022,282520,Lithium oxide and hydroxide,Latvia,"1,600.69","40,000",Kg
India,2022,282520,Lithium oxide and hydroxide,Netherlands,"1,154.36","16,000",Kg
India,2022,282520,Lithium oxide and hydroxide,"Korea, Rep.",881.25,"20,000",Kg
India,2022,282520,Lithium oxide and hydroxide,Germany,638.86,"26,337",Kg
India,2022,282520,Lithium oxide and hydroxide,United Kingdom,408.57,"16,004",Kg
India,2022,282520,Lithium oxide and hydroxide,United States,85.34,"3,247",Kg
India,2022,282520,Lithium oxide and hydroxide,Kenya,61.01,"3,220",Kg
India,2023,282520,Lithium oxide and hydroxide,World,"38,310.23","1,055,300",Kg
India,2023,282520,Lithium oxide and hydroxide,Russian Federation,"29,335.57","758,352",Kg
India,2023,282520,Lithium oxide and hydroxide,China,"5,238.21","174,756",Kg
India,2023,282520,Lithium oxide and hydroxide,Germany,"1,496.83","38,649",Kg
India,2023,282520,Lithium oxide and hydroxide,United States,988.61,"35,530",Kg
India,2023,282520,Lithium oxide and hydroxide,Chile,856.77,"38,000",Kg
India,2023,282520,Lithium oxide and hydroxide,Belgium,391.29,"10,000",Kg
India,2023,282520,Lithium oxide and hydroxide,Japan,2.61,9,Kg
India,2023,282520,Lithium oxide and hydroxide,United Kingdom,0.35,2,Kg
India,2024,282520,Lithium oxide and hydroxide,World,"22,404.92","1,730,020",Kg
India,2024,282520,Lithium oxide and hydroxide,China,"8,831.71","652,841",Kg
India,2024,282520,Lithium oxide and hydroxide,Chile,"7,127.69","636,000",Kg
India,2024,282520,Lithium oxide and hydroxide,Russian Federation,"3,580.78","236,000",Kg
India,2024,282520,Lithium oxide and hydroxide,Japan,"1,405.48","103,889",Kg
India,2024,282520,Lithium oxide and hydroxide,Germany,665.94,"18,328",Kg
India,2024,282520,Lithium oxide and hydroxide,United States,522.09,"38,816",Kg
India,2024,282520,Lithium oxide and hydroxide,Belgium,258.05,"20,000",Kg
India,2024,282520,Lithium oxide and hydroxide,Burundi,10.65,"24,000",Kg
India,2024,282520,Lithium oxide and hydroxide,United Kingdom,1.38,125,Kg
India,2024,282520,Lithium oxide and hydroxide,"Korea, Rep.",1.09,20,Kg
India,2024,282520,Lithium oxide and hydroxide,Australia,0.04,3,Kg
