Year,Aggregate,HS6,Quantity_t,Value_EUR,Value_USD
2015,EXT_EU,270900,523298530.474,183514122098.0,203608918468.0
2015,EXT_EU,271111,29991978.587,10774340747.0,11954131059.0
2015,EXT_EU,271121,95598221.937,29633161330.0,32877992496.0
2015,EXT_EU,290339,72063.097,336696080.0,373564301.0
2015,EXT_EU,390461,16447.665,115199845.0,127814228.0
2015,EXT_EU,390469,11477.375,178597924.0,198154397.0
2015,INT_EU,270900,73108389.08,26531734782.0,29436959741.0
2015,INT_EU,271111,235909.167,103146032.0,114440523.0
2015,INT_EU,271121,41495067.163,22523200720.0,24989491199.0
2015,INT_EU,290339,61062.528,347484967.0,385534571.0
2015,INT_EU,390461,17315.968,210711141.0,233784011.0
2015,INT_EU,390469,29474.878,514426695.0,570756418.0
2016,EXT_EU,270900,519134355.496,145026383612.0,160529704020.0
2016,EXT_EU,271111,27532047.657,7315498386.0,8097525163.0
2016,EXT_EU,271121,102489338.894,22934126257.0,25385784354.0
2016,EXT_EU,290339,71046.984,373041649.0,412919801.0
2016,EXT_EU,390461,19087.782,120087631.0,132924999.0
2016,EXT_EU,390469,12448.182,185145076.0,204937085.0
2016,INT_EU,270900,75085991.234,21751596180.0,24076841812.0
2016,INT_EU,271111,105795.107,47758456.0,52863835.0
2016,INT_EU,271121,42264414.196,16469336980.0,18229909103.0
2016,INT_EU,290339,52221.244,371631199.0,411358574.0
2016,INT_EU,390461,19241.034,217521512.0,240774562.0
2016,INT_EU,390469,31982.759,575602693.0,637134621.0
2017,EXT_EU,270900,543951646.032,190482824465.0,215188446798.0
2017,EXT_EU,271111,29488795.914,9311313265.0,10518990595.0
2017,EXT_EU,271121,108493585.473,28263547181.0,31929329250.0
2017,EXT_EU,290339,85259.834,536824520.0,606450660.0
2017,EXT_EU,390461,20601.516,147875598.0,167055063.0
2017,EXT_EU,390469,15837.243,219329654.0,247776710.0
2017,INT_EU,270900,76191751.117,27286307406.0,30825341477.0
2017,INT_EU,271111,193346.794,84602120.0,95575015.0
2017,INT_EU,271121,44261074.397,20109070147.0,22717216545.0
2017,INT_EU,290339,60175.696,537870901.0,607632757.0
2017,INT_EU,390461,21431.529,241045632.0,272309250.0
2017,INT_EU,390469,38275.28,626293495.0,707523761.0
2018,EXT_EU,270900,534347142.805,236173498014.0,278920901155.0
2018,EXT_EU,271111,31980420.915,12537314296.0,14806568184.0
2018,EXT_EU,271121,107380132.399,34930352438.0,41252746229.0
2018,EXT_EU,290339,76133.42,545653771.0,644417104.0
2018,EXT_EU,390461,26284.709,232400626.0,274465139.0
2018,EXT_EU,390469,18258.814,253994013.0,299966929.0
2018,INT_EU,270900,72287691.81,31849932335.0,37614770088.0
2018,INT_EU,271111,300315.206,150359043.0,177574030.0
2018,INT_EU,271121,41336033.04,23056061642.0,27229208799.0
2018,INT_EU,290339,46707.026,692001642.0,817253939.0
2018,INT_EU,390461,22390.277,269276159.0,318015144.0
2018,INT_EU,390469,38212.396,624547158.0,737590194.0
2019,EXT_EU,270900,529169562.734,223081099418.0,249739290798.0
2019,EXT_EU,271111,55329099.108,18202048475.0,20377193268.0
2019,EXT_EU,271121,92950473.501,23754080031.0,26592692595.0
2019,EXT_EU,290339,63049.154,493404456.0,552366288.0
2019,EXT_EU,390461,19886.463,170642303.0,191034058.0
2019,EXT_EU,390469,15076.22,234860677.0,262926528.0
2019,INT_EU,270900,72537419.867,30801118420.0,34481852071.0
2019,INT_EU,271111,1006432.329,305220220.0,341694036.0
2019,INT_EU,271121,37824704.496,16228134309.0,18167396359.0
2019,INT_EU,290339,45034.599,560964638.0,627999912.0
2019,INT_EU,390461,19110.128,252097583.0,282223244.0
2019,INT_EU,390469,34072.218,563995368.0,631392814.0
2020,EXT_EU,270900,444772930.825,125883093608.0,143783669519.0
2020,EXT_EU,271111,40565619.299,10275598901.0,11736789065.0
2020,EXT_EU,271121,77721720.869,13394134169.0,15298780048.0
2020,EXT_EU,290339,54356.484,402113959.0,459294564.0
2020,EXT_EU,390461,19135.453,154406755.0,176363396.0
2020,EXT_EU,390469,13211.141,205314989.0,234510780.0
2020,INT_EU,270900,50837001.759,14315315009.0,16350952803.0
2020,INT_EU,271111,875396.392,200326975.0,228813471.0
2020,INT_EU,271121,25060838.616,7992355168.0,9128868073.0
2020,INT_EU,290339,36470.329,411857712.0,470423879.0
2020,INT_EU,390461,14193.036,183754118.0,209883954.0
2020,INT_EU,390469,25677.254,364126620.0,415905425.0
2021,EXT_EU,270900,443408227.93,193757973120.0,229157554809.0
2021,EXT_EU,271111,40195852.676,24240477234.0,28669212425.0
2021,EXT_EU,271121,90811904.887,39244275111.0,46414204174.0
2021,EXT_EU,290339,59214.287,507500141.0,600220417.0
2021,EXT_EU,390461,25325.303,210792699.0,249304525.0
2021,EXT_EU,390469,18849.815,314552720.0,372021502.0
2021,INT_EU,270900,55075852.182,24060313725.0,28456133043.0
2021,INT_EU,271111,621010.109,366999398.0,434050188.0
2021,INT_EU,271121,22531688.629,22812237036.0,26980032742.0
2021,INT_EU,290339,40171.771,484422029.0,572925934.0
2021,INT_EU,390461,17732.165,227003738.0,268477321.0
2021,INT_EU,390469,30333.198,451425950.0,533901471.0
2022,EXT_EU,270900,477622101.716,331748192542.0,349330846747.0
2022,EXT_EU,271111,61923021.286,111345213596.0,117246509917.0
2022,EXT_EU,271121,84814547.946,112243050572.0,118191932252.0
2022,EXT_EU,290341,85.119,1102331.0,1160755.0
2022,EXT_EU,290342,8315.832,22227974.0,23406057.0
2022,EXT_EU,290343,2184.164,9690277.0,10203862.0
2022,EXT_EU,290344,6677.726,33157199.0,34914531.0
2022,EXT_EU,290345,26584.187,139183773.0,146560513.0
2022,EXT_EU,290346,373.36,3267289.0,3440455.0
2022,EXT_EU,290347,277.986,5729043.0,6032682.0
2022,EXT_EU,290348,72.063,1817005.0,1913306.0
2022,EXT_EU,290349,546.042,16019874.0,16868927.0
2022,EXT_EU,390461,27677.916,290698990.0,306106036.0
2022,EXT_EU,390469,20783.773,532724507.0,560958906.0
2022,INT_EU,270900,51696984.377,35980620385.0,37887593265.0
2022,INT_EU,271111,777108.621,1071177269.0,1127949664.0
2022,INT_EU,271121,29044776.256,72900784288.0,76764525855.0
2022,INT_EU,290341,234.448,3430548.0,3612367.0
2022,INT_EU,290342,2419.678,11440026.0,12046347.0
2022,INT_EU,290343,1381.433,10716419.0,11284389.0
2022,INT_EU,290344,226.102,1889403.0,1989541.0
2022,INT_EU,290345,12985.468,133550218.0,140628380.0
2022,INT_EU,290346,976.81,45136650.0,47528892.0
2022,INT_EU,290347,194.263,3903788.0,4110689.0
2022,INT_EU,290348,53.769,629819.0,663199.0
2022,INT_EU,290349,1670.799,13934719.0,14673259.0
2022,INT_EU,390461,16465.25,260608750.0,274421014.0
2022,INT_EU,390469,25618.206,565882517.0,595874290.0
2023,EXT_EU,270900,464638300.423,274988449362.0,297345010295.0
2023,EXT_EU,271111,64498484.698,62164003513.0,67217936999.0
2023,EXT_EU,271121,71091741.116,48244961050.0,52167276383.0
2023,EXT_EU,290341,81.303,1344558.0,1453871.0
2023,EXT_EU,290342,9769.246,21073869.0,22787175.0
2023,EXT_EU,290343,1288.445,5203966.0,5627048.0
2023,EXT_EU,290344,8019.566,30016384.0,32456716.0
2023,EXT_EU,290345,25241.885,128669730.0,139130579.0
2023,EXT_EU,290346,340.537,5977661.0,6463645.0
2023,EXT_EU,290347,121.849,1192619.0,1289579.0
2023,EXT_EU,290348,186.276,4006381.0,4332100.0
2023,EXT_EU,290349,526.882,15167486.0,16400603.0
2023,EXT_EU,390461,18283.964,208600721.0,225559960.0
2023,EXT_EU,390469,20968.405,514618045.0,556456492.0
2023,INT_EU,270900,49624856.576,29304814934.0,31687296388.0
2023,INT_EU,271111,1320533.985,1075895873.0,1163366207.0
2023,INT_EU,271121,21088628.612,35645436838.0,38543410853.0
2023,INT_EU,290341,39.012,1654037.0,1788510.0
2023,INT_EU,290342,2391.582,22223143.0,24029885.0
2023,INT_EU,290343,825.188,6361562.0,6878757.0
2023,INT_EU,290344,432.791,4254309.0,4600184.0
2023,INT_EU,290345,12275.384,214180541.0,231593419.0
2023,INT_EU,290346,829.363,54580432.0,59017821.0
2023,INT_EU,290347,132.551,3882820.0,4198493.0
2023,INT_EU,290348,72.108,982621.0,1062508.0
2023,INT_EU,290349,1822.944,14764622.0,15964986.0
2023,INT_EU,390461,13970.476,242057830.0,261737132.0
2023,INT_EU,390469,23286.668,647849369.0,700519523.0
2024,EXT_EU,270900,460802978.665,266317269791.0,288261812822.0
2024,EXT_EU,271111,53579399.769,36954333652.0,39999370745.0
2024,EXT_EU,271121,69445355.252,35872449015.0,38828338814.0
2024,EXT_EU,290341,60.096,997326.0,1079506.0
2024,EXT_EU,290342,9517.012,25165703.0,27239357.0
2024,EXT_EU,290343,2175.123,10398958.0,11255832.0
2024,EXT_EU,290344,4750.631,15538447.0,16818815.0
2024,EXT_EU,290345,21715.541,122509379.0,132604152.0
2024,EXT_EU,290346,1443.02,9744037.0,10546946.0
2024,EXT_EU,290347,3.331,129288.0,139941.0
2024,EXT_EU,290348,36.276,895484.0,969272.0
2024,EXT_EU,290349,453.722,11146431.0,12064897.0
2024,EXT_EU,390461,21583.454,219231048.0,237295686.0
2024,EXT_EU,390469,19947.429,434124077.0,469895901.0
2024,INT_EU,270900,52522300.262,31399896681.0,33987248168.0
2024,INT_EU,271111,981942.716,576053970.0,623520817.0
2024,INT_EU,271121,18087311.113,22872699720.0,24757410177.0
2024,INT_EU,290341,60.951,2615425.0,2830936.0
2024,INT_EU,290342,2170.016,25448909.0,27545899.0
2024,INT_EU,290343,863.942,6905417.0,7474423.0
2024,INT_EU,290344,869.84,22333486.0,24173765.0
2024,INT_EU,290345,12964.393,264612262.0,286416312.0
2024,INT_EU,290346,525.826,60070819.0,65020654.0
2024,INT_EU,290347,44.964,1193128.0,1291442.0
2024,INT_EU,290348,451.785,689621.0,746446.0
2024,INT_EU,290349,1772.824,16243338.0,17581789.0
2024,INT_EU,390461,13049.412,209012111.0,226234709.0
2024,INT_EU,390469,20440.569,509906377.0,551922662.0
2025,EXT_EU,270900,435512077.015,212232362266.0,239822569361.0
2025,EXT_EU,271111,65376783.504,46563176788.0,52616389770.0
2025,EXT_EU,271121,63361065.619,34057333725.0,38484787109.0
2025,EXT_EU,290341,52.998,1054902.0,1192039.0
2025,EXT_EU,290342,10707.496,49101955.0,55485209.0
2025,EXT_EU,290343,1247.814,6670696.0,7537886.0
2025,EXT_EU,290344,2225.128,10314437.0,11655314.0
2025,EXT_EU,290345,14622.6,109234501.0,123434986.0
2025,EXT_EU,290346,447.091,8712691.0,9845341.0
2025,EXT_EU,290347,2.049,56236.0,63547.0
2025,EXT_EU,290348,17.754,418395.0,472786.0
2025,EXT_EU,290349,336.349,9367175.0,10584908.0
2025,EXT_EU,390461,23289.572,214758623.0,242677244.0
2025,EXT_EU,390469,18386.503,358509857.0,405116138.0
2025,INT_EU,270900,51646300.655,25601354969.0,28929531115.0
2025,INT_EU,271111,1007963.692,664688666.0,751098193.0
2025,INT_EU,271121,22363986.343,19416245263.0,21940357147.0
2025,INT_EU,290341,21.603,1412159.0,1595740.0
2025,INT_EU,290342,43536.955,37473223.0,42344742.0
2025,INT_EU,290343,616.35,4129453.0,4666282.0
2025,INT_EU,290344,695.914,16036521.0,18121269.0
2025,INT_EU,290345,11208.114,232227598.0,262417186.0
2025,INT_EU,290346,785.507,123389455.0,139430084.0
2025,INT_EU,290347,11.952,163673.0,184950.0
2025,INT_EU,290348,14.67,220284.0,248921.0
2025,INT_EU,290349,2273.608,13091156.0,14793006.0
2025,INT_EU,390461,13185.994,202800912.0,229165031.0
2025,INT_EU,390469,21884.359,414856314.0,468787635.0
