Year,Terminal,Volume_bcm
2023,"Altamira, Tamaulipas",0.0
2024,"Altamira, Tamaulipas",0.193601962
2025,"Altamira, Tamaulipas",0.75818232
2015,"Babb, MT",0.000141584
2016,"Babb, MT",0.0
2017,"Babb, MT",0.0
2019,"Babb, MT",0.0
2020,"Babb, MT",0.0
2021,"Babb, MT",0.0
2022,"Babb, MT",0.0
2015,"Buffalo, NY",8.495e-05
2016,"Buffalo, NY",0.0
2017,"Buffalo, NY",0.0
2018,"Buffalo, NY",0.0
2019,"Buffalo, NY",0.0
2017,"Calais, ME",0.0
2018,"Calais, ME",0.000396435
2019,"Calais, ME",0.0
2020,"Calais, ME",0.0
2021,"Calais, ME",0.0
2022,"Calais, ME",0.0
2025,"Calais, ME",0.001444157
2020,"Calexico, CA",0.0
2021,"Calexico, CA",0.0
2022,"Calexico, CA",0.000113267
2023,"Calexico, CA",0.0
2024,"Calexico, CA",0.0
2022,"Cameron (Calcasieu Pass), LA",9.000296662
2023,"Cameron (Calcasieu Pass), LA",13.879083085
2024,"Cameron (Calcasieu Pass), LA",13.892760099
2025,"Cameron (Calcasieu Pass), LA",14.835341421
2011,"Cameron, LA",0.16007487
2012,"Cameron, LA",0.0
2013,"Cameron, LA",0.0
2014,"Cameron, LA",0.0
2015,"Cameron, LA",0.0
2017,"Cameron, LA",0.0
2018,"Cameron, LA",0.0
2019,"Cameron, LA",2.346783117
2020,"Cameron, LA",10.828485904
2021,"Cameron, LA",17.069565258
2022,"Cameron, LA",18.700244819
2023,"Cameron, LA",18.591083555
2024,"Cameron, LA",18.759851683
2025,"Cameron, LA",19.271253091
2017,"Corpus Christi, TX",0.0
2018,"Corpus Christi, TX",0.194366515
2019,"Corpus Christi, TX",8.849028317
2020,"Corpus Christi, TX",11.208950429
2021,"Corpus Christi, TX",20.167904563
2022,"Corpus Christi, TX",21.330620688
2023,"Corpus Christi, TX",21.011745203
2024,"Corpus Christi, TX",20.938206474
2025,"Corpus Christi, TX",23.787131405
2017,"Cove Point, MD",0.0
2018,"Cove Point, MD",4.053096851
2019,"Cove Point, MD",6.443544474
2020,"Cove Point, MD",6.600702714
2021,"Cove Point, MD",6.632813965
2022,"Cove Point, MD",6.963497555
2023,"Cove Point, MD",7.098540374
2024,"Cove Point, MD",7.225427955
2025,"Cove Point, MD",7.6030608
2015,"Crosby, ND",2.8317e-05
2016,"Crosby, ND",2.8317e-05
2017,"Crosby, ND",0.0
2018,"Crosby, ND",0.0
2019,"Crosby, ND",0.0
2020,"Crosby, ND",0.0
2016,"Doral, FL",0.0
2017,"Doral, FL",5.6634e-05
2018,"Doral, FL",0.000113267
2019,"Doral, FL",0.0
2020,"Doral, FL",0.0
2021,"Doral, FL",0.0
2022,"Doral, FL",0.0
2020,"El Paso, TX",0.0
2021,"El Paso, TX",0.0
2022,"El Paso, TX",2.8317e-05
2023,"El Paso, TX",2.8317e-05
2024,"El Paso, TX",0.0
2017,"Elba Island, GA",0.0
2018,"Elba Island, GA",0.0
2019,"Elba Island, GA",0.09627712
2020,"Elba Island, GA",1.027248554
2021,"Elba Island, GA",2.391127226
2022,"Elba Island, GA",3.070588842
2023,"Elba Island, GA",3.078460912
2024,"Elba Island, GA",2.871040352
2025,"Elba Island, GA",2.578272957
2016,"Fort Lauderdale, FL",0.0
2017,"Fort Lauderdale, FL",0.00504039
2018,"Fort Lauderdale, FL",0.008693258
2019,"Fort Lauderdale, FL",0.011581571
2020,"Fort Lauderdale, FL",0.017443149
2021,"Fort Lauderdale, FL",0.032309469
2022,"Fort Lauderdale, FL",0.058304291
2023,"Fort Lauderdale, FL",0.030383926
2024,"Fort Lauderdale, FL",0.026136406
2025,"Fort Lauderdale, FL",0.032139568
2011,"Freeport, TX",0.419541709
2012,"Freeport, TX",0.315619053
2013,"Freeport, TX",0.07716328
2014,"Freeport, TX",0.075435955
2015,"Freeport, TX",0.3291828
2016,"Freeport, TX",0.0
2017,"Freeport, TX",0.0
2018,"Freeport, TX",0.0
2019,"Freeport, TX",1.388061219
2020,"Freeport, TX",11.722815398
2021,"Freeport, TX",19.365802886
2022,"Freeport, TX",8.523583334
2023,"Freeport, TX",17.131805584
2024,"Freeport, TX",16.842974224
2025,"Freeport, TX",21.728839846
2020,"Jacksonville, FL",0.0
2021,"Jacksonville, FL",0.000141584
2022,"Jacksonville, FL",2.8317e-05
2023,"Jacksonville, FL",0.0
2024,"Jacksonville, FL",5.6634e-05
2011,"Kenai, AK",0.464338886
2012,"Kenai, AK",0.264535546
2013,"Kenai, AK",0.0
2014,"Kenai, AK",0.376896608
2015,"Kenai, AK",0.467765219
2016,"Kenai, AK",0.0
2017,"Kenai, AK",0.0
2018,"Kenai, AK",0.0
2019,"Kenai, AK",0.0
2015,"Laredo, TX",2.8317e-05
2016,"Laredo, TX",0.00574831
2017,"Laredo, TX",0.014215034
2018,"Laredo, TX",0.015517606
2019,"Laredo, TX",0.028826502
2020,"Laredo, TX",0.014101766
2021,"Laredo, TX",0.030044125
2022,"Laredo, TX",0.04185223
2023,"Laredo, TX",0.01707503
2024,"Laredo, TX",0.003199798
2015,"Miami, FL",0.0
2016,"Miami, FL",0.00283168
2017,"Miami, FL",0.00062297
2018,"Miami, FL",0.0
2019,"Miami, FL",0.0
2020,"Miami, FL",0.0
2021,"Miami, FL",8.495e-05
2022,"Miami, FL",0.001302573
2023,"Miami, FL",0.000736237
2024,"Miami, FL",0.000481386
2020,"Newark, NJ",0.0
2021,"Newark, NJ",0.0
2022,"Newark, NJ",2.8317e-05
2023,"Newark, NJ",0.0
2024,"Newark, NJ",0.0
2019,"Niagara Falls, NY",0.0
2020,"Niagara Falls, NY",0.000226534
2021,"Niagara Falls, NY",0.00362455
2022,"Niagara Falls, NY",0.002152077
2023,"Niagara Falls, NY",0.002406928
2024,"Niagara Falls, NY",0.002406928
2025,"Niagara Falls, NY",0.003171482
2011,"Nogales, AZ",0.0
2012,"Nogales, AZ",0.000962771
2013,"Nogales, AZ",0.002633462
2014,"Nogales, AZ",0.002633462
2015,"Nogales, AZ",0.003001581
2016,"Nogales, AZ",0.003029898
2017,"Nogales, AZ",0.003398016
2018,"Nogales, AZ",0.000991088
2019,"Nogales, AZ",0.001812275
2020,"Nogales, AZ",0.008636624
2021,"Nogales, AZ",0.005210291
2022,"Nogales, AZ",0.001953859
2023,"Nogales, AZ",0.0
2024,"Nogales, AZ",0.0
2017,"Noonan-Estevan, ND",0.0
2018,"Noonan-Estevan, ND",0.0
2019,"Noonan-Estevan, ND",2.8317e-05
2020,"Noonan-Estevan, ND",0.0
2021,"Noonan-Estevan, ND",0.0
2022,"Noonan-Estevan, ND",0.0
2023,"Noonan-Estevan, ND",0.0
2011,"Otay Mesa, CA",0.006682765
2012,"Otay Mesa, CA",0.003369699
2013,"Otay Mesa, CA",0.000991088
2014,"Otay Mesa, CA",0.002491878
2015,"Otay Mesa, CA",0.002491878
2016,"Otay Mesa, CA",0.001840592
2017,"Otay Mesa, CA",0.001953859
2018,"Otay Mesa, CA",0.000141584
2019,"Otay Mesa, CA",0.000679603
2020,"Otay Mesa, CA",0.000481386
2021,"Otay Mesa, CA",0.000169901
2022,"Otay Mesa, CA",0.0
2023,"Otay Mesa, CA",0.0
2024,"Otay Mesa, CA",0.0
2023,"Plaquemines, LA",0.0
2024,"Plaquemines, LA",0.103328003
2025,"Plaquemines, LA",23.588715587
2012,"Port Huron, MI",0.0
2013,"Port Huron, MI",2.8317e-05
2014,"Port Huron, MI",0.000283168
2015,"Port Huron, MI",0.000113267
2016,"Port Huron, MI",0.0
2017,"Port Huron, MI",0.0
2018,"Port Huron, MI",0.0
2019,"Port Huron, MI",0.0
2015,"Portal, ND",5.6634e-05
2016,"Portal, ND",5.6634e-05
2017,"Portal, ND",0.000141584
2018,"Portal, ND",0.000141584
2019,"Portal, ND",0.00070792
2020,"Portal, ND",5.6634e-05
2021,"Portal, ND",0.0
2022,"Portal, ND",0.0
2023,"Portal, ND",0.0
2024,"Portal, ND",0.0
2011,"Sabine Pass, LA",0.931594403
2012,"Sabine Pass, LA",0.216765104
2013,"Sabine Pass, LA",0.0
2014,"Sabine Pass, LA",0.0
2015,"Sabine Pass, LA",0.0
2016,"Sabine Pass, LA",5.277232115
2017,"Sabine Pass, LA",20.009925136
2018,"Sabine Pass, LA",26.396977594
2019,"Sabine Pass, LA",32.356474688
2020,"Sabine Pass, LA",26.246870237
2021,"Sabine Pass, LA",35.132200691
2022,"Sabine Pass, LA",41.768101187
2023,"Sabine Pass, LA",42.139334435
2024,"Sabine Pass, LA",42.821939216
2025,"Sabine Pass, LA",41.808707478
2019,"San Luis, AZ",0.0
2020,"San Luis, AZ",2.8317e-05
2021,"San Luis, AZ",0.0
2022,"San Luis, AZ",0.0
2023,"San Luis, AZ",0.0
2024,"San Luis, AZ",0.0
2023,"Savannah, GA",0.0
2024,"Savannah, GA",2.8317e-05
2011,"Sweetgrass, MT",0.0
2012,"Sweetgrass, MT",5.6634e-05
2013,"Sweetgrass, MT",0.002010493
2014,"Sweetgrass, MT",0.002520195
2015,"Sweetgrass, MT",0.000764554
2016,"Sweetgrass, MT",0.0
2017,"Sweetgrass, MT",0.0
2018,"Sweetgrass, MT",0.0
2019,"Sweetgrass, MT",0.0
2025,"West Palm Beach, FL",0.000538019
