Source_Category_Reported,Source_Category
Production Storage Tanks,Atmospheric Storage Tanks
Combustion Equipment at Onshore Petroleum and Natural Gas Production and Natural Gas Distribution Facilities,Combustion Equipment
Gas Well Completions and Workovers,Completions and Workovers (not split by fracturing)
Enhanced Oil Recovery Injection Pumps Blowdown,Enhanced Oil Recovery Injection Pumps
Other Emissions from Equipment Leaks Estimated Using Emission Factors,Equipment Leaks Surveys and Population Counts
Gas from Produced Oil Sent to Atmospheric Tanks,Atmospheric Storage Tanks
Onshore Petroleum and Natural Gas Production and Natural Gas Distribution Combustion Emissions,Combustion Equipment
Local Distribution Companies,Equipment Leaks Surveys and Population Counts
"Combustion Equipment at Onshore Petroleum and Natural Gas Production Facilities, Onshore Petroleum and Natural Gas Gathering and Boosting Facilities, and Natural gas Distribution Facilities",Combustion Equipment
