Merged_Key,Into_Key
REPUBLICSERVICE,REPUBLICSERVICES
REPUBLICSERVICS,REPUBLICSERVICES
OCCIDENTIALPETROLEUM,OCCIDENTALPETROLEUM
OCCIDENTALPETROLEM,OCCIDENTALPETROLEUM
CONOCOPHILIPS,CONOCOPHILLIPS
KINDERMORGANENGERGYPARTNERS,KINDERMORGANENERGYPARTNERS
KINDERMORGNENERGYPARTNERS,KINDERMORGANENERGYPARTNERS
KINDERMORGANENERGYPARTNERSLP,KINDERMORGANENERGYPARTNERS
KINDERMORGENENERGYPARTNERS,KINDERMORGANENERGYPARTNERS
ALPHANATURALRESOURECES,ALPHANATURALRESOURCES
NEWYORKPOWEERAUTHORITY,NEWYORKPOWERAUTHORITY
ENBRIDGENERGYPARTNERS,ENBRIDGEENERGYPARTNERS
ENBRIDGEENERGYPATNERS,ENBRIDGEENERGYPARTNERS
ELPASOPIPELINESPARTNERS,ELPASOPIPELINEPARTNERS
ENTERPRISEPRODUCTSOPERATIONG,ENTERPRISEPRODUCTSOPERATING
ARENAENTERGY,ARENAENERGY
ENERGYCAPITALPARTNERS,ENERGYCAPITOLPARTNERS
COUNTYOFSANBERNADINOSOLIDWASTEMANAGEMENTDIV,COUNTYOFSANBERNARDINOSOLIDWASTEMANAGEMENTDIV
LINCOLNELECTRICSYTEM,LINCOLNELECTRICSYSTEM
VEOLIAENVIRONEMENTNORTHAMERICAOPERATIONS,VEOLIAENVIRONMENTNORTHAMERICANOPERATIONS
VEOLIAENVIRONNMENTNORTHAMERICAOPERATIONS,VEOLIAENVIRONMENTNORTHAMERICANOPERATIONS
VEOLIAENVIRONNEMENTNORTHAMERICAOPERATIONS,VEOLIAENVIRONMENTNORTHAMERICANOPERATIONS
BIGRIVERSRESOURCES,BIGRIVERRESOURCES
EAGLECLAWMISTREAMSERVICES,EAGLECLAWMIDSTREAMSERVICES
MISSOURIJOINTMUNICIPALELECTRICUTILITYCOMMISSIONS,MISSOURIJOINTMUNICIPALELECTRICUTILITYCOMMISSION
LYONDELLBASELL,LYONDELLBASSELL
PUBLICSERIVCEOFNEWMEXICO,PUBLICSERVICEOFNEWMEXICO
MUNICPALELECTRICAUTHORITYOFGEORGIA,MUNICIPALELECTRICAUTHORITYOFGEORGIA
TRANSCANDACOLUMBIAPIPELINE,TRANSCANADACOLUMBIAPIPELINE
ENIOPERTING,ENIOPERATING
ARCLIGHTENERGPARTNERSFUNDVII,ARCLIGHTENERGYPARTNERSFUNDVII
CRESCENTPOINTENERGYUS,CRESCENTPOINTENERGY
ENERGYRESOURCETECHNOLOGY,ENERGYRESOURCESTECHNOLOGY
AHLSTROMMUNKSJNORTHAMERICASPECIALTYSOLUTIONS,AHLSTROMMUNKSJONORTHAMERICASPECIALTYSOLUTIONS
CHARLESHOWARDREVPROPTRST,CHARLESHOWARDREVPROPTRUST
LANCASTERCOUNTYSOILDWASTEMANAGEMENTAUTHORITY,LANCASTERCOUNTYSOLIDWASTEMANAGEMENTAUTHORITY
CANADAPENSIONPLANINVESTMENTBOARD,CANADIANPENSIONPLANINVESTMENTBOARD
CENTRALHUDONGASANDELECTRIC,CENTRALHUDSONGASANDELECTRIC
EXXONMOBILEPRODUCTION,EXXONMOBILPRODUCTION
MUNICIPALITYOFANCHORAGESOLIDWASTESERVICE,MUNICIPALITYOFANCHORAGESOLIDWASTESERVICES
COMFORTPRODUCTDISTRIBUTING,COMFORTPRODUCTSDISTRIBUTING
CITYOFFORTHWORTH,CITYOFFORTWORTH
CENTERPOINTENERGYSOUTHEASTERNPIPELINES,CENTERPOINTENERGYSOUTHEASTERNPIPELINE
CENTERPOINTENERGYSOUTHEASTERNPIPLINES,CENTERPOINTENERGYSOUTHEASTERNPIPELINE
AIRLIQUIDELARGEINDUSTRIESUS,AIRLIQUIDELARGEINDUSTRIES
BEVERLYSMERKLY,BEVERLYSMERKLEY
FIRSTQUALITYTISSSUE,FIRSTQUALITYTISSUE
FAIRFAXCOUNTRYGOVERNMENT,FAIRFAXCOUNTYGOVERNMENT
UTAHASSOCIATEDMUNICIPALPOWERSYSTEMS,UTAHASSOCIATEDMUNICIPALPOWERSYSTEM
CARTERFAMILYTRST,CARTERFAMILYTRUST
LPAULHERRICKREVTRST,LPAULHERRICKREVTRUST
BLISSREVOCABLEFAMILYTRST,BLISSREVOCABLEFAMILYTRUST
MICHAELSMCLAUGHLINEXEMPTTRST,MICHAELSMCLAUGHLINEXEMPTTRUST
MICHAELSMCLAUGHLINLVGTRST,MICHAELSMCLAUGHLINLVGTRUST
CAMERONFAMTRSTFBO,CAMERONFAMTRUSTFBO
ROBERTEBROWNASSTMGTTRST,ROBERTEBROWNASSTMGTTRUST
HAZELMLINDLTRST,HAZELMLINDLTRUST
MOBILEPRODUCINGTEXASANDNEWMEXICO,MOBILPRODUCINGTEXASANDNEWMEXICO
METROPOLITANAIRPORTSCOMMISSIONS,METROPOLITANAIRPORTSCOMMISSION
COUNTYOFSANTACRUZDEPARTRMENTOFPUBLICWORKS,COUNTYOFSANTACRUZDEPARTMENTOFPUBLICWORKS
SOUTHCASTGAS,SOUTHCOASTGAS
CITYWATERANDLIGHTOFJONESBOROAR,CITYWATERANDLIGHTOFJONESBORO
CITYOFNACODOCHES,CITYOFNACOGDOCHES
MELVINJUDKINS,MELVINEJUDKINS
TOWNOFWINSOR,TOWNOFWINDSOR
MISSISSIIPPICOUNTY,MISSISSIPPICOUNTY
KINDERORGANPRODUCTION,KINDERMORGANPRODUCTION
WILEYFAIRCHILDFAMTRST,WILEYFAIRCHILDFAMTRUST
LEEMCCORMICKMARITALDEDTRST,LEEMCCORMICKMARITALDEDTRUST
LIONCOPOLMER,LIONCOPOLYMER
SACRAMENTOCOGENERATIONAUTHORITY,SACRAMENTOCOGERATIONAUTHORITY
CAMERONLLLP,CAMERONLLP
FIRSTCONTINENTALINTERNATIONALNJ,FIRSTCONTINENTIALINTERNATIONALNJ
SIKESTONBOARDOFMUNICIPALUTILITIES,SIKESTONBOARDOFMUNIPALUTILITIES
FLOYDCOUNTYBOARDOFCOMMISSIONER,FLOYDCOUNTYBOARDOFCOMMISSIONERS
HOWARDCOUNTYOFMARYLAND,HOWARDCOUNTYMARYLAND
PLAINSALLAMERICANPIPELINEGP,PLAINSALLAMERICANPIPELINE
KANEKAAMERICAS,KANEKAAMERICA
LICKINGRURALELECTRIFICATIONDBAENERGYCOOPERATI,LICKINGRURALELECTRIFICATIONDBAENERGYCOOPERATIVE
BOWIERESOURCESPARTNERS,BOWIERESOURCEPARTNERS
CITYOFREDLANDSMUNICIPALUTILITIESDEPARTMENT,CITYOFREDLANDSMUNICIPALUTILITIEDEPARTMENT
ATLASRESOURCEPARTNERS,ATLASRESOURCESPARTNERS
GSOSPECIALSITUATIONFUND,GSOSPECIALSITUATIONSFUND
CITYOFTUCSONENVIRONMENTALSERVICES,CITYOFTUSCONENVIRONMENTALSERVICES
AIMDEVELOPEMENT,AIMDEVELOPMENT
REVLOCRECLAMATIONSERVICE,REVLOCRECLAIMATIONSERVICE
LOUDOUNCOUNTYDEPARTMENTOFGENERALSERVICESDIVISIONOFWASTEMANAGEMENT,LOUDOUNCOUNTYDEPARTMENTOFGENERALSERVICESDIVISONOFWASTEMANAGMENT
SCOTTDCAMERONTRUST,SCOTTDCAMERONTRST
GREENPOWERSOLUTIONAOFGEORGIA,GREENPOWERSOLUTIONSOFGEORGIA
GASTRANSMISSIONSERVICES,GASTRANSMISSIONSERVICE
GASTRANMISSIONSERVICE,GASTRANSMISSIONSERVICE
MARTHALEONARDREVTRST,MARTHALEONARDREVTRUST
MIRANDALEONARDTRST,MIRANDALEONARDTRUST
MARYLEONARDCHILDRENSTRST,MARYLEONARDCHILDRENSTRUST
CITYOFSPRINGFIELDDEPARMENTOFPUBLICWORKS,CITYOFSPRINGFIELDDEPARTMENTOFPUBLICWORKS
SUPERIRORPIPELINE,SUPERIORPIPELINE
WILDHORSERESOURCES,WILDHORSERESOUCES
CAPITOLDISTRICTENERGYCENTERCOGENERATIONASSOCIATES,CAPITALDISTRICTENERGYCENTRECOGENERATIONASSOCIATES
PHILIPSLIGHTINGNORTHAMEICA,PHILIPSLIGHTINGNORTHAMERICA
CAMDENCOUNTYENERGYRECOVERYASSOCIATESLP,CAMDENCOUNTYENERGYRECOVERYASSOCIATES
FOURCORNERSAQUISITION,FOURCORNERSAQUISITIONS
MISSOURIRIVERRESOURCESND,MISSOURIRIVERRESOURCES
BLACKHILLENERGY,BLACKHILLSENERGY
PRRUTHERFORDTRUST,PRRUTHERFORDTRST
SOUTHWESTMENNESOTAAGRIFUELS,SOUTHWESTMINNESOTAAGRIFUELS
GWFPOWERSYTEMS,GWFPOWERSYSTEMS
LOTUSINFRASTRUTUREPARTNERS,LOTUSINFRASTRUCTUREPARTNERS
OCIPARNERS,OCIPARTNERS
IOWAFERTILIZER,IOWAFERTLIZER
JONESLANGLASALLEATBEAUNONTHEALTHSYSTEM,JONESLANGLASALLEATBEAUMONTHEALTHSYSTEM
MARIONPLYWOOOD,MARIONPLYWOOD
ENERGYCAPITOLPARTNERSIII,ENERGYCAPITALPARTNERSIII
KRAFTHEINZFOOD,KRAFTHEINZFOODS
BROOMECOUNTYDIVISIONOFSOLLIDWASTEMANAGEMENT,BROOMECOUNTYDIVISIONOFSOLIDWASTEMANAGEMENT
COFFEYVILLRESOURCESREFININGANDMARKETING,COFFEYVILLERESOURCESREFININGANDMARKETING
DIVERSFIEDCPCINTERNATIONAL,DIVERSFIELDCPCINTERNATIONAL
TPFIIBCOVERTINVESTMENTFUND,TPFIICOVERTINVESTMENTFUND
