Material,Material_Description,Material_Type,Material_Group,Base_Unit,Created_On,Created_By
30000101,DOTP PLASTICIZER (BIS(2-ETHYLHEXYL) TEREPHTHALATE),FERT,PLAST,KG,03.05.2018,JSMITH
30000102,DINP PLASTICIZER (DIISONONYL PHTHALATE),FERT,PLAST,KG,19.08.2020,AGARCIA
30000103,DOA PLASTICIZER (BIS(2-ETHYLHEXYL) ADIPATE),FERT,PLAST,KG,03.02.2016,AGARCIA
30000104,TOTM PLASTICIZER (TRIS(2-ETHYLHEXYL) TRIMELLITATE),FERT,PLAST,KG,18.02.2015,JSMITH
30000201,2-ETHYLHEXANOL,FERT,OXOALC,KG,07.10.2018,PLANT1020_MM
30000202,N-BUTANOL,FERT,OXOALC,KG,03.07.2014,AGARCIA
30000203,ISOBUTANOL,FERT,OXOALC,KG,31.12.2020,MDM_BATCH
30000204,2-ETHYLHEXANOIC ACID,FERT,OXOALC,KG,15.10.2015,PLANT1020_MM
30000301,2-ETHYLHEXYL ACRYLATE,FERT,ACRYL,KG,21.07.2018,AGARCIA
30000302,N-BUTYL ACRYLATE,FERT,ACRYL,KG,12.05.2014,AGARCIA
30000401,N-BUTYL ACETATE,FERT,SOLV,KG,23.07.2019,PLANT1020_MM
30000402,ETHYL ACETATE,FERT,SOLV,KG,28.05.2017,JSMITH
30000403,PROPYLENE GLYCOL METHYL ETHER (PM),FERT,SOLV,KG,04.01.2015,JSMITH
30000404,Dipropylene Glycol Methyl Ether (Dpm),FERT,SOLV,KG,05.02.2016,PLANT1020_MM
30000405,PROPYLENE GLYCOL METHYL ETHER ACETATE (PMA),FERT,SOLV,KG,03.01.2020,MDM_BATCH
20000101,N-BUTANAL (BUTYRALDEHYDE) INTERMEDIATE,HALB,OXOINT,KG,14.07.2020,JSMITH
40000101,MONOETHYLENE GLYCOL,HAWA,GLYCOL,KG,25.08.2017,JSMITH
40000102,DIETHYLENE GLYCOL,HAWA,GLYCOL,KG,19.01.2020,AGARCIA
40000103,TRIETHYLENE GLYCOL,HAWA,GLYCOL,KG,09.11.2015,PLANT1020_MM
40000104,MONOPROPYLENE GLYCOL USP,HAWA,GLYCOL,KG,14.12.2016,AGARCIA
40000105,NEOPENTYL GLYCOL FLAKES,HAWA,POLYOL,KG,03.04.2016,MDM_BATCH
40000106,TRIMETHYLOLPROPANE,HAWA,POLYOL,KG,23.12.2014,AGARCIA
40000107,METHYL METHACRYLATE,HAWA,ACRYL,KG,14.05.2014,LCHEN
40000108,ACETONE,HAWA,SOLV,KG,25.01.2016,AGARCIA
40000109,METHYL ETHYL KETONE,HAWA,SOLV,KG,10.01.2020,AGARCIA
40000110,ISOPROPYL ALCOHOL,HAWA,SOLV,KG,03.10.2016,AGARCIA
40000111,EPOXIDIZED SOYBEAN OIL,HAWA,PLAST,KG,23.11.2014,LCHEN
10000101,PROPYLENE POLYMER GRADE,ROH,FEED,KG,18.01.2019,AGARCIA
10000102,HYDROGEN,ROH,FEED,KG,09.04.2017,AGARCIA
10000103,TEREPHTHALIC ACID PURIFIED,ROH,FEED,KG,11.11.2017,AGARCIA
10000104,Isononanol,ROH,FEED,KG,27.11.2014,LCHEN
10000105,Phthalic Anhydride,ROH,FEED,KG,02.07.2014,LCHEN
10000106,ADIPIC ACID,ROH,FEED,KG,27.10.2016,LCHEN
10000107,TRIMELLITIC ANHYDRIDE,ROH,FEED,KG,23.08.2019,LCHEN
10000108,TETRAISOPROPYL TITANATE CATALYST,ROH,CATAL,KG,23.02.2018,LCHEN
10000201,ACRYLIC ACID GLACIAL,ROH,FEED,KG,14.12.2019,PLANT1020_MM
10000202,MEHQ INHIBITOR (4-METHOXYPHENOL),ROH,ADDIT,KG,07.09.2014,LCHEN
10000203,SULFURIC ACID 98%,ROH,CATAL,KG,10.06.2018,PLANT1020_MM
10000204,ACETIC ACID GLACIAL,ROH,FEED,KG,04.01.2016,LCHEN
10000205,ETHANOL ANHYDROUS,ROH,FEED,KG,09.10.2016,JSMITH
10000206,METHANOL,ROH,FEED,KG,17.12.2017,JSMITH
10000207,PROPYLENE OXIDE,ROH,FEED,KG,26.09.2019,AGARCIA
10000208,SODIUM HYDROXIDE 50% SOLUTION,ROH,CATAL,KG,20.06.2017,AGARCIA
10000209,OCTANOL 2-ETHYL TECH GRADE,ROH,FEED,KG,14.06.2021,PLANT1020_MM
10000210,BUTAN-1-OL,ROH,FEED,KG,02.09.2021,PLANT1020_MM
10000109,CLEANING SOLVENT - GLYCOL ETHER,ROH,MRO,KG,19.01.2022,MAINT1010
