Material,Plant,Procurement_Type,MRP_Controller,Standard_Price,Price_Unit,Currency
30000101,1010,E,P01,1385.1,1000,USD
30000102,1010,E,P01,1567.24,1000,USD
30000103,1010,E,P01,1906.81,1000,USD
30000104,1010,E,P01,2040.09,1000,USD
30000201,1010,E,P01,1166.48,1000,USD
30000202,1010,E,P01,1075.58,1000,USD
30000203,1010,E,P01,912.07,1000,USD
30000204,1010,E,P01,1055.18,1000,USD
30000301,1020,E,P02,2579.11,1000,USD
30000302,1020,E,P02,2706.12,1000,USD
30000401,1020,E,P02,1843.07,1000,USD
30000402,1020,E,P02,1274.69,1000,USD
30000403,1020,E,P02,1584.81,1000,USD
30000404,1020,E,P02,1784.86,1000,USD
30000405,1020,E,P02,1707.72,1000,USD
20000101,1010,E,P01,862.07,1000,USD
40000101,1020,F,P02,1164.28,1000,USD
40000102,1020,F,P02,1323.04,1000,USD
40000103,1020,F,P02,1799.34,1000,USD
40000104,1020,F,P02,2011.02,1000,USD
40000105,1020,F,P02,2328.55,1000,USD
40000106,1020,F,P02,2751.93,1000,USD
40000107,1020,F,P02,2222.71,1000,USD
40000108,1020,F,P02,1058.43,1000,USD
40000109,1020,F,P02,1534.73,1000,USD
40000110,1020,F,P02,1217.2,1000,USD
40000111,1020,F,P02,2116.87,1000,USD
10000101,1010,F,P01,1164.28,1000,USD
10000102,1010,F,P01,2116.87,1000,USD
10000103,1010,F,P01,1005.51,1000,USD
10000104,1010,F,P01,1428.89,1000,USD
10000105,1010,F,P01,1164.28,1000,USD
10000106,1010,F,P01,2222.71,1000,USD
10000107,1010,F,P01,2751.93,1000,USD
10000108,1010,F,P01,9525.91,1000,USD
10000201,1020,F,P02,2540.24,1000,USD
10000202,1020,F,P02,12701.21,1000,USD
10000203,1020,F,P02,127.01,1000,USD
10000204,1020,F,P02,952.59,1000,USD
10000205,1020,F,P02,846.75,1000,USD
10000206,1020,F,P02,476.3,1000,USD
10000207,1020,F,P02,1905.18,1000,USD
10000208,1020,F,P02,582.14,1000,USD
10000209,1020,F,P02,1958.1,1000,USD
10000210,1020,F,P02,1799.34,1000,USD
10000109,1010,F,P01,2011.02,1000,USD
30000201,1020,F,P02,1206.48,1000,USD
30000202,1020,F,P02,1115.58,1000,USD
