Material,Class_Type,Class,Characteristic,Value
30000101,001,CHEM_IDENT,CAS_NUMBER,6422-86-2
30000101,001,CHEM_IDENT,GHS_SIGNAL_WORD,
30000102,001,CHEM_IDENT,CAS_NUMBER,28553-12-0
30000102,001,CHEM_IDENT,GHS_SIGNAL_WORD,Danger
30000103,001,CHEM_IDENT,CAS_NUMBER,103-23-1
30000103,001,CHEM_IDENT,GHS_SIGNAL_WORD,Danger
30000104,001,CHEM_IDENT,CAS_NUMBER,3319-31-1
30000104,001,CHEM_IDENT,GHS_SIGNAL_WORD,Warning
30000201,001,CHEM_IDENT,CAS_NUMBER,104-76-7
30000202,001,CHEM_IDENT,CAS_NUMBER,71-36-3
30000202,001,CHEM_IDENT,GHS_SIGNAL_WORD,
30000203,001,CHEM_IDENT,CAS_NUMBER,78-83-1
30000203,001,CHEM_IDENT,GHS_SIGNAL_WORD,Danger
30000204,001,CHEM_IDENT,CAS_NUMBER,149-57-5
30000301,001,CHEM_IDENT,CAS_NUMBER,103-11-7
30000301,001,CHEM_IDENT,GHS_SIGNAL_WORD,Warning
30000302,001,CHEM_IDENT,CAS_NUMBER,141-32-2
30000302,001,CHEM_IDENT,GHS_SIGNAL_WORD,Danger
30000401,001,CHEM_IDENT,CAS_NUMBER,123-86-4
30000401,001,CHEM_IDENT,GHS_SIGNAL_WORD,Warning
30000402,001,CHEM_IDENT,CAS_NUMBER,141-78-6
30000402,001,CHEM_IDENT,GHS_SIGNAL_WORD,
30000403,001,CHEM_IDENT,CAS_NUMBER,107-98-2
30000403,001,CHEM_IDENT,GHS_SIGNAL_WORD,Warning
30000404,001,CHEM_IDENT,CAS_NUMBER,34590-94-8
30000405,001,CHEM_IDENT,CAS_NUMBER,108-65-6
30000405,001,CHEM_IDENT,GHS_SIGNAL_WORD,Danger
20000101,001,CHEM_IDENT,CAS_NUMBER,123-72-8
20000101,001,CHEM_IDENT,GHS_SIGNAL_WORD,
40000101,001,CHEM_IDENT,CAS_NUMBER,107-21-1
40000102,001,CHEM_IDENT,CAS_NUMBER,111-46-6
40000103,001,CHEM_IDENT,CAS_NUMBER,
40000103,001,CHEM_IDENT,GHS_SIGNAL_WORD,
40000104,001,CHEM_IDENT,CAS_NUMBER,57-55-6
40000104,001,CHEM_IDENT,GHS_SIGNAL_WORD,Danger
40000105,001,CHEM_IDENT,CAS_NUMBER,126-30-7
40000106,001,CHEM_IDENT,CAS_NUMBER,77-99-6
40000106,001,CHEM_IDENT,GHS_SIGNAL_WORD,Danger
40000107,001,CHEM_IDENT,CAS_NUMBER,CAS 80-62-6
40000107,001,CHEM_IDENT,GHS_SIGNAL_WORD,Warning
40000108,001,CHEM_IDENT,CAS_NUMBER,67-64-1
40000108,001,CHEM_IDENT,GHS_SIGNAL_WORD,Danger
40000109,001,CHEM_IDENT,CAS_NUMBER,78-93-3
40000110,001,CHEM_IDENT,CAS_NUMBER,67-63-0
40000110,001,CHEM_IDENT,GHS_SIGNAL_WORD,Danger
40000111,001,CHEM_IDENT,CAS_NUMBER,
10000101,001,CHEM_IDENT,CAS_NUMBER,115-07-1
10000101,001,CHEM_IDENT,GHS_SIGNAL_WORD,
10000102,001,CHEM_IDENT,CAS_NUMBER,1333-74-0
10000102,001,CHEM_IDENT,GHS_SIGNAL_WORD,Danger
10000103,001,CHEM_IDENT,CAS_NUMBER,100-21-0
10000103,001,CHEM_IDENT,GHS_SIGNAL_WORD,Danger
10000104,001,CHEM_IDENT,CAS_NUMBER,27458-94-2
10000104,001,CHEM_IDENT,GHS_SIGNAL_WORD,Danger
10000105,001,CHEM_IDENT,CAS_NUMBER,85-44-9
10000106,001,CHEM_IDENT,CAS_NUMBER,124-04-9
10000106,001,CHEM_IDENT,GHS_SIGNAL_WORD,
10000107,001,CHEM_IDENT,CAS_NUMBER,552-30-7
10000107,001,CHEM_IDENT,GHS_SIGNAL_WORD,Danger
10000108,001,CHEM_IDENT,CAS_NUMBER,546-68-9
10000108,001,CHEM_IDENT,GHS_SIGNAL_WORD,
10000201,001,CHEM_IDENT,CAS_NUMBER,79-10-7
10000201,001,CHEM_IDENT,GHS_SIGNAL_WORD,Danger
10000202,001,CHEM_IDENT,CAS_NUMBER,150-76-5
10000202,001,CHEM_IDENT,GHS_SIGNAL_WORD,Warning
10000203,001,CHEM_IDENT,CAS_NUMBER,7664-93-9
10000203,001,CHEM_IDENT,GHS_SIGNAL_WORD,
10000204,001,CHEM_IDENT,CAS_NUMBER,64-19-7
10000205,001,CHEM_IDENT,CAS_NUMBER,64-17-5
10000205,001,CHEM_IDENT,GHS_SIGNAL_WORD,
10000206,001,CHEM_IDENT,CAS_NUMBER,67-56-1
10000206,001,CHEM_IDENT,GHS_SIGNAL_WORD,
10000207,001,CHEM_IDENT,CAS_NUMBER,75-56-9
10000207,001,CHEM_IDENT,GHS_SIGNAL_WORD,Danger
10000208,001,CHEM_IDENT,CAS_NUMBER,1310-73-2
10000208,001,CHEM_IDENT,GHS_SIGNAL_WORD,Warning
10000209,001,CHEM_IDENT,CAS_NUMBER,104767
10000210,001,CHEM_IDENT,CAS_NUMBER, 71-36-3 
10000210,001,CHEM_IDENT,GHS_SIGNAL_WORD,Danger
10000109,001,CHEM_IDENT,CAS_NUMBER,107-98-2 (mixture)
10000109,001,CHEM_IDENT,GHS_SIGNAL_WORD,Danger
