Parent_Material,Plant,BOM_Item,Component,Component_Qty,Base_Qty,Unit
20000101,1010,10,10000101,600.0,1000,KG
20000101,1010,20,10000102,30.0,1000,KG
30000201,1010,10,20000101,1130.0,1000,KG
30000201,1010,20,10000102,20.0,1000,KG
30000202,1010,10,20000101,1000.0,1000,KG
30000202,1010,20,10000102,30.0,1000,KG
30000203,1010,10,10000101,600.0,1000,KG
30000203,1010,20,10000102,30.0,1000,KG
30000204,1010,10,20000101,1050.0,1000,KG
30000101,1010,10,30000201,680.0,1000,KG
30000101,1010,20,10000103,430.0,1000,KG
30000101,1010,30,10000108,1.0,1000,KG
30000102,1010,10,10000104,700.0,1000,KG
30000102,1010,20,10000105,350.0,1000,KG
30000102,1010,30,10000108,1.0,1000,KG
30000103,1010,10,30000201,710.0,1000,KG
30000103,1010,20,10000106,400.0,1000,KG
30000103,1010,30,10000108,1.0,1000,KG
30000104,1010,10,30000201,720.0,1000,KG
30000104,1010,20,10000107,360.0,1000,KG
30000104,1010,30,10000108,1.0,1000,KG
30000301,1020,10,10000209,720.0,1000,KG
30000301,1020,20,10000201,400.0,1000,KG
30000301,1020,30,10000202,0.2,1000,KG
30000301,1020,40,10000203,5.0,1000,KG
30000302,1020,10,10000210,600.0,1000,KG
30000302,1020,20,10000201,580.0,1000,KG
30000302,1020,30,10000202,0.2,1000,KG
30000302,1020,40,10000203,5.0,1000,KG
30000401,1020,10,10000210,660.0,1000,KG
30000401,1020,20,10000204,530.0,1000,KG
30000401,1020,30,10000203,5.0,1000,KG
30000402,1020,10,10000205,540.0,1000,KG
30000402,1020,20,10000204,700.0,1000,KG
30000402,1020,30,10000203,5.0,1000,KG
30000403,1020,10,10000206,370.0,1000,KG
30000403,1020,20,10000207,660.0,1000,KG
30000403,1020,30,10000208,2.0,1000,KG
30000404,1020,10,10000206,230.0,1000,KG
30000404,1020,20,10000207,800.0,1000,KG
30000404,1020,30,10000208,2.0,1000,KG
30000405,1020,10,30000403,700.0,1000,KG
30000405,1020,20,10000204,470.0,1000,KG
30000405,1020,30,10000203,5.0,1000,KG
