Supplier,Name,Country,City,Supplier_Type
2000101,Texan Olefins Supply LP,USA,Houston,External
2000102,Coastal Hydrogen Partners LLC,U.S.A.,Pasadena,External
2000103,Meridian Aromatics Corp.,U.S.A.,Decatur,External
2000104,Northshore Alcohols B.V.,Netherlands,Rotterdam,External
2000105,Keystone Diacids Inc.,U.S.A.,Pensacola,External
2000106,Catalyst Specialties GmbH,DE,Leverkusen,External
2000107,Gulf Acrylics LLC,United States,Clear Lake,External
2000108,Bayou Sulphur Co.,U.S.A.,Baton Rouge,External
2000109,Prairie Acetyls Corp.,USA,Texas City,External
2000110,Heartland Ethanol Marketing LLC,USA,Omaha,External
2000111,Sabine Methanol LP,US,Beaumont,External
2000112,Lakeside Oxides Inc.,USA,Freeport,External
2000113,Gulf Coast Oxo Alcohols LLC,USA,Port Arthur,External
2000114,Rheinland Alkohole GmbH,Germany,Marl,External
2000115,Summit Solvents Distribution Inc.,U.S.A.,Houston,External
2000116,Atlas Glycols Trading LLC,United States,Lake Jackson,External
2000117,Pioneer Polyols Corp.,U.S.A.,Bishop,External
2000118,Cascade Monomers Ltd.,CA,Sarnia,External
2000119,Heartland Soy Derivatives LLC,United States,Decatur,External
