Material,Plant,Storage_Location,Fiscal_Period,Unrestricted_Stock,Unit
30000101,1010,0001,202201,415696.0,KG
30000101,1010,0001,202202,417086.0,KG
30000101,1010,0001,202203,432670.0,KG
30000101,1010,0001,202204,435703.0,KG
30000101,1010,0001,202205,447461.0,KG
30000101,1010,0001,202206,461143.0,KG
30000101,1010,0001,202207,470714.0,KG
30000101,1010,0001,202208,474526.0,KG
30000101,1010,0001,202209,487288.0,KG
30000101,1010,0001,202210,498460.0,KG
30000101,1010,0001,202211,511887.0,KG
30000101,1010,0001,202212,530210.0,KG
30000101,1010,0001,202301,536760.0,KG
30000101,1010,0001,202302,542737.0,KG
30000101,1010,0001,202303,569794.0,KG
30000101,1010,0001,202304,582381.0,KG
30000101,1010,0001,202305,585880.0,KG
30000101,1010,0001,202306,588304.0,KG
30000101,1010,0001,202307,592977.0,KG
30000101,1010,0001,202308,614120.0,KG
30000101,1010,0001,202309,633647.0,KG
30000101,1010,0001,202310,639404.0,KG
30000101,1010,0001,202311,656318.0,KG
30000101,1010,0001,202312,676016.0,KG
30000101,1010,0001,202401,680368.0,KG
30000101,1010,0001,202402,696285.0,KG
30000101,1010,0001,202403,711368.0,KG
30000101,1010,0001,202404,713963.0,KG
30000101,1010,0001,202405,727281.0,KG
30000101,1010,0001,202406,735441.0,KG
30000101,1010,0001,202407,742338.0,KG
30000101,1010,0001,202408,746008.0,KG
30000101,1010,0001,202409,762920.0,KG
30000101,1010,0001,202410,777896.0,KG
30000101,1010,0001,202411,792040.0,KG
30000101,1010,0001,202412,803758.0,KG
30000101,1010,0001,202501,819455.0,KG
30000101,1010,0001,202502,824773.0,KG
30000101,1010,0001,202503,826152.0,KG
30000101,1010,0001,202504,829612.0,KG
30000101,1010,0001,202505,256440.0,KG
30000101,1010,0001,202506,263957.0,KG
30000101,1010,0001,202507,264671.0,KG
30000101,1010,0001,202508,266157.0,KG
30000101,1010,0001,202509,271902.0,KG
30000101,1010,0001,202510,277444.0,KG
30000101,1010,0001,202511,279688.0,KG
30000101,1010,0001,202512,112560.0,KG
30000101,1010,0001,202601,115695.0,KG
30000101,1010,0001,202602,117941.0,KG
30000101,1010,0001,202603,123576.0,KG
30000101,1010,0001,202604,125308.0,KG
30000101,1010,0001,202605,127406.0,KG
30000101,1010,0001,202606,131412.0,KG
30000101,1010,0001,202607,132363.0,KG
30000101,1010,0001,202608,135490.0,KG
30000101,1010,0001,202609,140689.0,KG
30000102,1010,0001,202201,404631.0,KG
30000102,1010,0001,202202,97800.0,KG
30000102,1010,0001,202203,101237.0,KG
30000102,1010,0001,202204,101614.0,KG
30000102,1010,0001,202205,103970.0,KG
30000102,1010,0001,202206,104354.0,KG
30000102,1010,0001,202207,107088.0,KG
30000102,1010,0001,202208,109196.0,KG
30000102,1010,0001,202209,112108.0,KG
30000102,1010,0001,202210,115142.0,KG
30000102,1010,0001,202211,123874.0,KG
30000102,1010,0001,202212,126221.0,KG
30000102,1010,0001,202301,129446.0,KG
30000102,1010,0001,202302,134397.0,KG
30000102,1010,0001,202303,139142.0,KG
30000102,1010,0001,202304,140612.0,KG
30000102,1010,0001,202305,142952.0,KG
30000102,1010,0001,202306,149025.0,KG
30000102,1010,0001,202307,158385.0,KG
30000102,1010,0001,202308,159262.0,KG
30000102,1010,0001,202309,159739.0,KG
30000102,1010,0001,202310,169256.0,KG
30000102,1010,0001,202311,177689.0,KG
30000102,1010,0001,202312,181225.0,KG
30000102,1010,0001,202401,182888.0,KG
30000102,1010,0001,202402,197910.0,KG
30000102,1010,0001,202403,211675.0,KG
30000102,1010,0001,202404,224493.0,KG
30000102,1010,0001,202405,241700.0,KG
30000102,1010,0001,202406,244202.0,KG
30000102,1010,0001,202407,255753.0,KG
30000102,1010,0001,202408,261878.0,KG
30000102,1010,0001,202409,276732.0,KG
30000102,1010,0001,202410,288849.0,KG
30000102,1010,0001,202411,306733.0,KG
30000102,1010,0001,202412,315706.0,KG
30000102,1010,0001,202501,316570.0,KG
30000102,1010,0001,202502,318495.0,KG
30000102,1010,0001,202503,320308.0,KG
30000102,1010,0001,202504,325863.0,KG
30000102,1010,0001,202505,347963.0,KG
30000102,1010,0001,202506,375078.0,KG
30000102,1010,0001,202507,379490.0,KG
30000102,1010,0001,202508,380196.0,KG
30000102,1010,0001,202509,386326.0,KG
30000102,1010,0001,202510,413624.0,KG
30000102,1010,0001,202511,426022.0,KG
30000102,1010,0001,202512,443541.0,KG
30000102,1010,0001,202601,451545.0,KG
30000102,1010,0001,202602,470302.0,KG
30000102,1010,0001,202603,474637.0,KG
30000102,1010,0001,202604,493454.0,KG
30000102,1010,0001,202605,505525.0,KG
30000102,1010,0001,202606,516330.0,KG
30000102,1010,0001,202607,543601.0,KG
30000102,1010,0001,202608,553977.0,KG
30000102,1010,0001,202609,563137.0,KG
30000103,1010,0001,202201,211420.0,KG
30000103,1010,0001,202202,211525.0,KG
30000103,1010,0001,202203,214863.0,KG
30000103,1010,0001,202204,215582.0,KG
30000103,1010,0001,202205,218686.0,KG
30000103,1010,0001,202206,223188.0,KG
30000103,1010,0001,202207,225557.0,KG
30000103,1010,0001,202208,229573.0,KG
30000103,1010,0001,202209,234241.0,KG
30000103,1010,0001,202210,241782.0,KG
30000103,1010,0001,202211,243207.0,KG
30000103,1010,0001,202212,248529.0,KG
30000103,1010,0001,202301,250786.0,KG
30000103,1010,0001,202302,253273.0,KG
30000103,1010,0001,202303,261872.0,KG
30000103,1010,0001,202304,265392.0,KG
30000103,1010,0001,202305,274211.0,KG
30000103,1010,0001,202306,278971.0,KG
30000103,1010,0001,202307,283548.0,KG
30000103,1010,0001,202308,285231.0,KG
30000103,1010,0001,202309,287780.0,KG
30000103,1010,0001,202310,291756.0,KG
30000103,1010,0001,202311,292645.0,KG
30000103,1010,0001,202312,298753.0,KG
30000103,1010,0001,202401,299676.0,KG
30000103,1010,0001,202402,306708.0,KG
30000103,1010,0001,202403,308022.0,KG
30000103,1010,0001,202404,316784.0,KG
30000103,1010,0001,202405,319155.0,KG
30000103,1010,0001,202406,324500.0,KG
30000103,1010,0001,202407,325173.0,KG
30000103,1010,0001,202408,326904.0,KG
30000103,1010,0001,202409,327807.0,KG
30000103,1010,0001,202410,90240.0,KG
30000103,1010,0001,202411,100977.0,KG
30000103,1010,0001,202412,103877.0,KG
30000103,1010,0001,202501,106881.0,KG
30000103,1010,0001,202502,110694.0,KG
30000103,1010,0001,202503,118971.0,KG
30000103,1010,0001,202504,125002.0,KG
30000103,1010,0001,202505,125777.0,KG
30000103,1010,0001,202506,128886.0,KG
30000103,1010,0001,202507,129714.0,KG
30000103,1010,0001,202508,136038.0,KG
30000103,1010,0001,202509,139844.0,KG
30000103,1010,0001,202510,141495.0,KG
30000103,1010,0001,202511,147511.0,KG
30000103,1010,0001,202512,149784.0,KG
30000103,1010,0001,202601,152255.0,KG
30000103,1010,0001,202602,162811.0,KG
30000103,1010,0001,202603,171777.0,KG
30000103,1010,0001,202604,175550.0,KG
30000103,1010,0001,202605,181496.0,KG
30000103,1010,0001,202606,182606.0,KG
30000103,1010,0001,202607,191612.0,KG
30000103,1010,0001,202608,195105.0,KG
30000103,1010,0001,202609,196022.0,KG
30000104,1010,0001,202201,198508.0,KG
30000104,1010,0001,202202,199251.0,KG
30000104,1010,0001,202203,200102.0,KG
30000104,1010,0001,202204,208553.0,KG
30000104,1010,0001,202205,212078.0,KG
30000104,1010,0001,202206,215124.0,KG
30000104,1010,0001,202207,222378.0,KG
30000104,1010,0001,202208,224729.0,KG
30000104,1010,0001,202209,225909.0,KG
30000104,1010,0001,202210,231387.0,KG
30000104,1010,0001,202211,235583.0,KG
30000104,1010,0001,202212,93120.0,KG
30000104,1010,0001,202301,99485.0,KG
30000104,1010,0001,202302,104058.0,KG
30000104,1010,0001,202303,107480.0,KG
30000104,1010,0001,202304,110094.0,KG
30000104,1010,0001,202305,116499.0,KG
30000104,1010,0001,202306,124768.0,KG
30000104,1010,0001,202307,128334.0,KG
30000104,1010,0001,202308,132740.0,KG
30000104,1010,0001,202309,135686.0,KG
30000104,1010,0001,202310,140183.0,KG
30000104,1010,0001,202311,142709.0,KG
30000104,1010,0001,202312,149134.0,KG
30000104,1010,0001,202401,156063.0,KG
30000104,1010,0001,202402,158003.0,KG
30000104,1010,0001,202403,164564.0,KG
30000104,1010,0001,202404,174338.0,KG
30000104,1010,0001,202405,175391.0,KG
30000104,1010,0001,202406,176416.0,KG
30000104,1010,0001,202407,178177.0,KG
30000104,1010,0001,202408,179535.0,KG
30000104,1010,0001,202409,187026.0,KG
30000104,1010,0001,202410,187646.0,KG
30000104,1010,0001,202411,196483.0,KG
30000104,1010,0001,202412,204661.0,KG
30000104,1010,0001,202501,216188.0,KG
30000104,1010,0001,202502,219065.0,KG
30000104,1010,0001,202503,228352.0,KG
30000104,1010,0001,202504,229074.0,KG
30000104,1010,0001,202505,234129.0,KG
30000104,1010,0001,202506,242827.0,KG
30000104,1010,0001,202507,243173.0,KG
30000104,1010,0001,202508,250595.0,KG
30000104,1010,0001,202509,255707.0,KG
30000104,1010,0001,202510,262786.0,KG
30000104,1010,0001,202511,267620.0,KG
30000104,1010,0001,202512,275520.0,KG
30000104,1010,0001,202601,281611.0,KG
30000104,1010,0001,202602,87600.0,KG
30000104,1010,0001,202603,93838.0,KG
30000104,1010,0001,202604,95127.0,KG
30000104,1010,0001,202605,97073.0,KG
30000104,1010,0001,202606,100530.0,KG
30000104,1010,0001,202607,103659.0,KG
30000104,1010,0001,202608,110032.0,KG
30000104,1010,0001,202609,118659.0,KG
30000201,1010,0001,202201,919888.0,KG
30000201,1010,0001,202202,1322839.0,KG
30000201,1010,0001,202203,1543530.0,KG
30000201,1010,0001,202204,1687986.0,KG
30000201,1010,0001,202205,1846534.0,KG
30000201,1010,0001,202206,2147123.0,KG
30000201,1010,0001,202207,2252625.0,KG
30000201,1010,0001,202208,2255306.0,KG
30000201,1010,0001,202209,2457490.0,KG
30000201,1010,0001,202210,2599145.0,KG
30000201,1010,0001,202211,2785587.0,KG
30000201,1010,0001,202212,2258878.0,KG
30000201,1010,0001,202301,2449688.0,KG
30000201,1010,0001,202302,2596283.0,KG
30000201,1010,0001,202303,2598970.0,KG
30000201,1010,0001,202304,2735087.0,KG
30000201,1010,0001,202305,2266128.0,KG
30000201,1010,0001,202306,2295055.0,KG
30000201,1010,0001,202307,2378838.0,KG
30000201,1010,0001,202308,2404154.0,KG
30000201,1010,0001,202309,2632378.0,KG
30000201,1010,0001,202310,2637424.0,KG
30000201,1010,0001,202311,2779496.0,KG
30000201,1010,0001,202312,2849305.0,KG
30000201,1010,0001,202401,2300699.0,KG
30000201,1010,0001,202402,2510448.0,KG
30000201,1010,0001,202403,2518799.0,KG
30000201,1010,0001,202404,2652172.0,KG
30000201,1010,0001,202405,2764253.0,KG
30000201,1010,0001,202406,2894288.0,KG
30000201,1010,0001,202407,2911420.0,KG
30000201,1010,0001,202408,2344936.0,KG
30000201,1010,0001,202409,2519205.0,KG
30000201,1010,0001,202410,2882930.0,KG
30000201,1010,0001,202411,2358940.0,KG
30000201,1010,0001,202412,2454866.0,KG
30000201,1010,0001,202501,2503322.0,KG
30000201,1010,0001,202502,2921104.0,KG
30000201,1010,0001,202503,2370550.0,KG
30000201,1010,0001,202504,2629569.0,KG
30000201,1010,0001,202505,2385555.0,KG
30000201,1010,0001,202506,2724742.0,KG
30000201,1010,0001,202507,2393027.0,KG
30000201,1010,0001,202508,2623249.0,KG
30000201,1010,0001,202509,2916029.0,KG
30000201,1010,0001,202510,2416024.0,KG
30000201,1010,0001,202511,2868390.0,KG
30000201,1010,0001,202512,2427518.0,KG
30000201,1010,0001,202601,2713666.0,KG
30000201,1010,0001,202602,2436668.0,KG
30000201,1010,0001,202603,2511645.0,KG
30000201,1010,0001,202604,3020853.0,KG
30000201,1010,0001,202605,2451132.0,KG
30000201,1010,0001,202606,2963525.0,KG
30000201,1010,0001,202607,2455271.0,KG
30000201,1010,0001,202608,2851606.0,KG
30000201,1010,0001,202609,2464423.0,KG
30000202,1010,0001,202201,170785.0,KG
30000202,1010,0001,202202,171488.0,KG
30000202,1010,0001,202203,176045.0,KG
30000202,1010,0001,202204,178606.0,KG
30000202,1010,0001,202205,182078.0,KG
30000202,1010,0001,202206,191595.0,KG
30000202,1010,0001,202207,196303.0,KG
30000202,1010,0001,202208,204420.0,KG
30000202,1010,0001,202209,205635.0,KG
30000202,1010,0001,202210,212088.0,KG
30000202,1010,0001,202211,212336.0,KG
30000202,1010,0001,202212,217164.0,KG
30000202,1010,0001,202301,217660.0,KG
30000202,1010,0001,202302,217821.0,KG
30000202,1010,0001,202303,223760.0,KG
30000202,1010,0001,202304,225428.0,KG
30000202,1010,0001,202305,231340.0,KG
30000202,1010,0001,202306,238412.0,KG
30000202,1010,0001,202307,238993.0,KG
30000202,1010,0001,202308,242792.0,KG
30000202,1010,0001,202309,245267.0,KG
30000202,1010,0001,202310,248496.0,KG
30000202,1010,0001,202311,251439.0,KG
30000202,1010,0001,202312,258891.0,KG
30000202,1010,0001,202401,265741.0,KG
30000202,1010,0001,202402,274340.0,KG
30000202,1010,0001,202403,105840.0,KG
30000202,1010,0001,202404,108435.0,KG
30000202,1010,0001,202405,110679.0,KG
30000202,1010,0001,202406,115522.0,KG
30000202,1010,0001,202407,117016.0,KG
30000202,1010,0001,202408,117692.0,KG
30000202,1010,0001,202409,117905.0,KG
30000202,1010,0001,202410,121563.0,KG
30000202,1010,0001,202411,123949.0,KG
30000202,1010,0001,202412,124296.0,KG
30000202,1010,0001,202501,129007.0,KG
30000202,1010,0001,202502,132191.0,KG
30000202,1010,0001,202503,133672.0,KG
30000202,1010,0001,202504,137415.0,KG
30000202,1010,0001,202505,138799.0,KG
30000202,1010,0001,202506,140915.0,KG
30000202,1010,0001,202507,143468.0,KG
30000202,1010,0001,202508,146096.0,KG
30000202,1010,0001,202509,147489.0,KG
30000202,1010,0001,202510,151804.0,KG
30000202,1010,0001,202511,156526.0,KG
30000202,1010,0001,202512,163016.0,KG
30000202,1010,0001,202601,164908.0,KG
30000202,1010,0001,202602,168903.0,KG
30000202,1010,0001,202603,169515.0,KG
30000202,1010,0001,202604,173747.0,KG
30000202,1010,0001,202605,174964.0,KG
30000202,1010,0001,202606,176155.0,KG
30000202,1010,0001,202607,176549.0,KG
30000202,1010,0001,202608,180587.0,KG
30000202,1010,0001,202609,185565.0,KG
30000203,1010,0001,202201,119372.0,KG
30000203,1010,0001,202202,120163.0,KG
30000203,1010,0001,202203,120454.0,KG
30000203,1010,0001,202204,126733.0,KG
30000203,1010,0001,202205,132605.0,KG
30000203,1010,0001,202206,21840.0,KG
30000203,1010,0001,202207,22046.0,KG
30000203,1010,0001,202208,22375.0,KG
30000203,1010,0001,202209,26484.0,KG
30000203,1010,0001,202210,30299.0,KG
30000203,1010,0001,202211,31247.0,KG
30000203,1010,0001,202212,34192.0,KG
30000203,1010,0001,202301,36714.0,KG
30000203,1010,0001,202302,41106.0,KG
30000203,1010,0001,202303,41726.0,KG
30000203,1010,0001,202304,42780.0,KG
30000203,1010,0001,202305,49487.0,KG
30000203,1010,0001,202306,50378.0,KG
30000203,1010,0001,202307,54674.0,KG
30000203,1010,0001,202308,56392.0,KG
30000203,1010,0001,202309,58912.0,KG
30000203,1010,0001,202310,60865.0,KG
30000203,1010,0001,202311,61172.0,KG
30000203,1010,0001,202312,63411.0,KG
30000203,1010,0001,202401,66158.0,KG
30000203,1010,0001,202402,68196.0,KG
30000203,1010,0001,202403,69335.0,KG
30000203,1010,0001,202404,71302.0,KG
30000203,1010,0001,202405,74564.0,KG
30000203,1010,0001,202406,75580.0,KG
30000203,1010,0001,202407,76483.0,KG
30000203,1010,0001,202408,78895.0,KG
30000203,1010,0001,202409,82261.0,KG
30000203,1010,0001,202410,85769.0,KG
30000203,1010,0001,202411,86828.0,KG
30000203,1010,0001,202412,88699.0,KG
30000203,1010,0001,202501,94047.0,KG
30000203,1010,0001,202502,95448.0,KG
30000203,1010,0001,202503,97614.0,KG
30000203,1010,0001,202504,100841.0,KG
30000203,1010,0001,202505,101176.0,KG
30000203,1010,0001,202506,103225.0,KG
30000203,1010,0001,202507,107803.0,KG
30000203,1010,0001,202508,113315.0,KG
30000203,1010,0001,202509,114529.0,KG
30000203,1010,0001,202510,114582.0,KG
30000203,1010,0001,202511,116335.0,KG
30000203,1010,0001,202512,119885.0,KG
30000203,1010,0001,202601,121350.0,KG
30000203,1010,0001,202602,125483.0,KG
30000203,1010,0001,202603,128412.0,KG
30000203,1010,0001,202604,130266.0,KG
30000203,1010,0001,202605,133505.0,KG
30000203,1010,0001,202606,134738.0,KG
30000203,1010,0001,202607,138320.0,KG
30000203,1010,0001,202608,143763.0,KG
30000203,1010,0001,202609,144671.0,KG
30000204,1010,0001,202201,304771.0,KG
30000204,1010,0001,202202,317384.0,KG
30000204,1010,0001,202203,321068.0,KG
30000204,1010,0001,202204,327371.0,KG
30000204,1010,0001,202205,327677.0,KG
30000204,1010,0001,202206,334071.0,KG
30000204,1010,0001,202207,337608.0,KG
30000204,1010,0001,202208,340495.0,KG
30000204,1010,0001,202209,347198.0,KG
30000204,1010,0001,202210,349071.0,KG
30000204,1010,0001,202211,350713.0,KG
30000204,1010,0001,202212,361858.0,KG
30000204,1010,0001,202301,365520.0,KG
30000204,1010,0001,202302,373516.0,KG
30000204,1010,0001,202303,377367.0,KG
30000204,1010,0001,202304,381563.0,KG
30000204,1010,0001,202305,383628.0,KG
30000204,1010,0001,202306,394235.0,KG
30000204,1010,0001,202307,404040.0,KG
30000204,1010,0001,202308,413802.0,KG
30000204,1010,0001,202309,434037.0,KG
30000204,1010,0001,202310,442468.0,KG
30000204,1010,0001,202311,445262.0,KG
30000204,1010,0001,202312,451410.0,KG
30000204,1010,0001,202401,456977.0,KG
30000204,1010,0001,202402,460891.0,KG
30000204,1010,0001,202403,473319.0,KG
30000204,1010,0001,202404,481565.0,KG
30000204,1010,0001,202405,484106.0,KG
30000204,1010,0001,202406,486362.0,KG
30000204,1010,0001,202407,193440.0,KG
30000204,1010,0001,202408,194077.0,KG
30000204,1010,0001,202409,203919.0,KG
30000204,1010,0001,202410,216521.0,KG
30000204,1010,0001,202411,222449.0,KG
30000204,1010,0001,202412,222517.0,KG
30000204,1010,0001,202501,224148.0,KG
30000204,1010,0001,202502,235613.0,KG
30000204,1010,0001,202503,235864.0,KG
30000204,1010,0001,202504,243438.0,KG
30000204,1010,0001,202505,251552.0,KG
30000204,1010,0001,202506,260547.0,KG
30000204,1010,0001,202507,272652.0,KG
30000204,1010,0001,202508,277505.0,KG
30000204,1010,0001,202509,277603.0,KG
30000204,1010,0001,202510,282664.0,KG
30000204,1010,0001,202511,289168.0,KG
30000204,1010,0001,202512,295069.0,KG
30000204,1010,0001,202601,296206.0,KG
30000204,1010,0001,202602,296576.0,KG
30000204,1010,0001,202603,303632.0,KG
30000204,1010,0001,202604,314567.0,KG
30000204,1010,0001,202605,322934.0,KG
30000204,1010,0001,202606,327078.0,KG
30000204,1010,0001,202607,329926.0,KG
30000204,1010,0001,202608,339860.0,KG
30000204,1010,0001,202609,353394.0,KG
30000301,1020,0001,202201,271212.0,KG
30000301,1020,0001,202202,283222.0,KG
30000301,1020,0001,202203,289546.0,KG
30000301,1020,0001,202204,296655.0,KG
30000301,1020,0001,202205,303356.0,KG
30000301,1020,0001,202206,307262.0,KG
30000301,1020,0001,202207,310251.0,KG
30000301,1020,0001,202208,311874.0,KG
30000301,1020,0001,202209,315729.0,KG
30000301,1020,0001,202210,316157.0,KG
30000301,1020,0001,202211,321295.0,KG
30000301,1020,0001,202212,327489.0,KG
30000301,1020,0001,202301,328803.0,KG
30000301,1020,0001,202302,331083.0,KG
30000301,1020,0001,202303,334654.0,KG
30000301,1020,0001,202304,343155.0,KG
30000301,1020,0001,202305,348978.0,KG
30000301,1020,0001,202306,351149.0,KG
30000301,1020,0001,202307,354261.0,KG
30000301,1020,0001,202308,364762.0,KG
30000301,1020,0001,202309,369208.0,KG
30000301,1020,0001,202310,373356.0,KG
30000301,1020,0001,202311,379128.0,KG
30000301,1020,0001,202312,382621.0,KG
30000301,1020,0001,202401,383139.0,KG
30000301,1020,0001,202402,153120.0,KG
30000301,1020,0001,202403,159357.0,KG
30000301,1020,0001,202404,170509.0,KG
30000301,1020,0001,202405,176938.0,KG
30000301,1020,0001,202406,183970.0,KG
30000301,1020,0001,202407,189240.0,KG
30000301,1020,0001,202408,195298.0,KG
30000301,1020,0001,202409,200987.0,KG
30000301,1020,0001,202410,212230.0,KG
30000301,1020,0001,202411,216807.0,KG
30000301,1020,0001,202412,229827.0,KG
30000301,1020,0001,202501,230815.0,KG
30000301,1020,0001,202502,232005.0,KG
30000301,1020,0001,202503,244902.0,KG
30000301,1020,0001,202504,248623.0,KG
30000301,1020,0001,202505,252217.0,KG
30000301,1020,0001,202506,257999.0,KG
30000301,1020,0001,202507,258986.0,KG
30000301,1020,0001,202508,267571.0,KG
30000301,1020,0001,202509,275878.0,KG
30000301,1020,0001,202510,283980.0,KG
30000301,1020,0001,202511,286632.0,KG
30000301,1020,0001,202512,295445.0,KG
30000301,1020,0001,202601,299601.0,KG
30000301,1020,0001,202602,302921.0,KG
30000301,1020,0001,202603,309248.0,KG
30000301,1020,0001,202604,315500.0,KG
30000301,1020,0001,202605,322995.0,KG
30000301,1020,0001,202606,327428.0,KG
30000301,1020,0001,202607,338028.0,KG
30000301,1020,0001,202608,339773.0,KG
30000301,1020,0001,202609,342271.0,KG
30000302,1020,0001,202201,259609.0,KG
30000302,1020,0001,202202,259714.0,KG
30000302,1020,0001,202203,269762.0,KG
30000302,1020,0001,202204,272462.0,KG
30000302,1020,0001,202205,279934.0,KG
30000302,1020,0001,202206,289731.0,KG
30000302,1020,0001,202207,294808.0,KG
30000302,1020,0001,202208,301400.0,KG
30000302,1020,0001,202209,307938.0,KG
30000302,1020,0001,202210,311272.0,KG
30000302,1020,0001,202211,312772.0,KG
30000302,1020,0001,202212,318641.0,KG
30000302,1020,0001,202301,325789.0,KG
30000302,1020,0001,202302,340451.0,KG
30000302,1020,0001,202303,347371.0,KG
30000302,1020,0001,202304,352603.0,KG
30000302,1020,0001,202305,361392.0,KG
30000302,1020,0001,202306,364464.0,KG
30000302,1020,0001,202307,364615.0,KG
30000302,1020,0001,202308,377074.0,KG
30000302,1020,0001,202309,379947.0,KG
30000302,1020,0001,202310,384475.0,KG
30000302,1020,0001,202311,390675.0,KG
30000302,1020,0001,202312,394844.0,KG
30000302,1020,0001,202401,398425.0,KG
30000302,1020,0001,202402,138840.0,KG
30000302,1020,0001,202403,149050.0,KG
30000302,1020,0001,202404,155333.0,KG
30000302,1020,0001,202405,163841.0,KG
30000302,1020,0001,202406,165207.0,KG
30000302,1020,0001,202407,171365.0,KG
30000302,1020,0001,202408,174000.0,KG
30000302,1020,0001,202409,175512.0,KG
30000302,1020,0001,202410,183462.0,KG
30000302,1020,0001,202411,185536.0,KG
30000302,1020,0001,202412,195567.0,KG
30000302,1020,0001,202501,199257.0,KG
30000302,1020,0001,202502,205886.0,KG
30000302,1020,0001,202503,208289.0,KG
30000302,1020,0001,202504,210707.0,KG
30000302,1020,0001,202505,212892.0,KG
30000302,1020,0001,202506,216994.0,KG
30000302,1020,0001,202507,217339.0,KG
30000302,1020,0001,202508,218602.0,KG
30000302,1020,0001,202509,225049.0,KG
30000302,1020,0001,202510,231119.0,KG
30000302,1020,0001,202511,237022.0,KG
30000302,1020,0001,202512,248245.0,KG
30000302,1020,0001,202601,257116.0,KG
30000302,1020,0001,202602,257172.0,KG
30000302,1020,0001,202603,264776.0,KG
30000302,1020,0001,202604,270775.0,KG
30000302,1020,0001,202605,271546.0,KG
30000302,1020,0001,202606,278322.0,KG
30000302,1020,0001,202607,285583.0,KG
30000302,1020,0001,202608,289012.0,KG
30000302,1020,0001,202609,295111.0,KG
30000401,1020,0001,202201,155091.0,KG
30000401,1020,0001,202202,158582.0,KG
30000401,1020,0001,202203,159117.0,KG
30000401,1020,0001,202204,160761.0,KG
30000401,1020,0001,202205,161185.0,KG
30000401,1020,0001,202206,165830.0,KG
30000401,1020,0001,202207,167644.0,KG
30000401,1020,0001,202208,171853.0,KG
30000401,1020,0001,202209,172469.0,KG
30000401,1020,0001,202210,172627.0,KG
30000401,1020,0001,202211,173579.0,KG
30000401,1020,0001,202212,179342.0,KG
30000401,1020,0001,202301,181270.0,KG
30000401,1020,0001,202302,68760.0,KG
30000401,1020,0001,202303,70322.0,KG
30000401,1020,0001,202304,70390.0,KG
30000401,1020,0001,202305,72500.0,KG
30000401,1020,0001,202306,74200.0,KG
30000401,1020,0001,202307,74683.0,KG
30000401,1020,0001,202308,77342.0,KG
30000401,1020,0001,202309,78921.0,KG
30000401,1020,0001,202310,85832.0,KG
30000401,1020,0001,202311,87803.0,KG
30000401,1020,0001,202312,89412.0,KG
30000401,1020,0001,202401,93869.0,KG
30000401,1020,0001,202402,98010.0,KG
30000401,1020,0001,202403,99448.0,KG
30000401,1020,0001,202404,100250.0,KG
30000401,1020,0001,202405,101802.0,KG
30000401,1020,0001,202406,108278.0,KG
30000401,1020,0001,202407,114154.0,KG
30000401,1020,0001,202408,116980.0,KG
30000401,1020,0001,202409,121496.0,KG
30000401,1020,0001,202410,126964.0,KG
30000401,1020,0001,202411,130332.0,KG
30000401,1020,0001,202412,130411.0,KG
30000401,1020,0001,202501,133651.0,KG
30000401,1020,0001,202502,135796.0,KG
30000401,1020,0001,202503,137607.0,KG
30000401,1020,0001,202504,142311.0,KG
30000401,1020,0001,202505,147663.0,KG
30000401,1020,0001,202506,149198.0,KG
30000401,1020,0001,202507,150530.0,KG
30000401,1020,0001,202508,151415.0,KG
30000401,1020,0001,202509,156865.0,KG
30000401,1020,0001,202510,159446.0,KG
30000401,1020,0001,202511,159541.0,KG
30000401,1020,0001,202512,164589.0,KG
30000401,1020,0001,202601,166027.0,KG
30000401,1020,0001,202602,171637.0,KG
30000401,1020,0001,202603,177256.0,KG
30000401,1020,0001,202604,178891.0,KG
30000401,1020,0001,202605,184167.0,KG
30000401,1020,0001,202606,185438.0,KG
30000401,1020,0001,202607,189569.0,KG
30000401,1020,0001,202608,191255.0,KG
30000401,1020,0001,202609,192220.0,KG
30000402,1020,0001,202201,74040.0,KG
30000402,1020,0001,202202,78037.0,KG
30000402,1020,0001,202203,80603.0,KG
30000402,1020,0001,202204,86598.0,KG
30000402,1020,0001,202205,95517.0,KG
30000402,1020,0001,202206,103504.0,KG
30000402,1020,0001,202207,108052.0,KG
30000402,1020,0001,202208,109760.0,KG
30000402,1020,0001,202209,111369.0,KG
30000402,1020,0001,202210,111947.0,KG
30000402,1020,0001,202211,117054.0,KG
30000402,1020,0001,202212,118100.0,KG
30000402,1020,0001,202301,122481.0,KG
30000402,1020,0001,202302,123087.0,KG
30000402,1020,0001,202303,128111.0,KG
30000402,1020,0001,202304,132049.0,KG
30000402,1020,0001,202305,132785.0,KG
30000402,1020,0001,202306,137808.0,KG
30000402,1020,0001,202307,141392.0,KG
30000402,1020,0001,202308,146335.0,KG
30000402,1020,0001,202309,148298.0,KG
30000402,1020,0001,202310,157904.0,KG
30000402,1020,0001,202311,160021.0,KG
30000402,1020,0001,202312,162862.0,KG
30000402,1020,0001,202401,170572.0,KG
30000402,1020,0001,202402,176110.0,KG
30000402,1020,0001,202403,183968.0,KG
30000402,1020,0001,202404,185393.0,KG
30000402,1020,0001,202405,187342.0,KG
30000402,1020,0001,202406,192582.0,KG
30000402,1020,0001,202407,193792.0,KG
30000402,1020,0001,202408,204113.0,KG
30000402,1020,0001,202409,210072.0,KG
30000402,1020,0001,202410,222809.0,KG
30000402,1020,0001,202411,231120.0,KG
30000402,1020,0001,202412,244095.0,KG
30000402,1020,0001,202501,252049.0,KG
30000402,1020,0001,202502,256175.0,KG
30000402,1020,0001,202503,258805.0,KG
30000402,1020,0001,202504,261862.0,KG
30000402,1020,0001,202505,268223.0,KG
30000402,1020,0001,202506,275967.0,KG
30000402,1020,0001,202507,278935.0,KG
30000402,1020,0001,202508,286241.0,KG
30000402,1020,0001,202509,286631.0,KG
30000402,1020,0001,202510,292637.0,KG
30000402,1020,0001,202511,303168.0,KG
30000402,1020,0001,202512,307759.0,KG
30000402,1020,0001,202601,308485.0,KG
30000402,1020,0001,202602,118680.0,KG
30000402,1020,0001,202603,119298.0,KG
30000402,1020,0001,202604,121375.0,KG
30000402,1020,0001,202605,129068.0,KG
30000402,1020,0001,202606,129370.0,KG
30000402,1020,0001,202607,130836.0,KG
30000402,1020,0001,202608,135669.0,KG
30000402,1020,0001,202609,137874.0,KG
30000403,1020,0001,202201,130032.0,KG
30000403,1020,0001,202202,130745.0,KG
30000403,1020,0001,202203,131450.0,KG
30000403,1020,0001,202204,134972.0,KG
30000403,1020,0001,202205,135831.0,KG
30000403,1020,0001,202206,143230.0,KG
30000403,1020,0001,202207,146040.0,KG
30000403,1020,0001,202208,148865.0,KG
30000403,1020,0001,202209,149446.0,KG
30000403,1020,0001,202210,150329.0,KG
30000403,1020,0001,202211,150474.0,KG
30000403,1020,0001,202212,152701.0,KG
30000403,1020,0001,202301,155673.0,KG
30000403,1020,0001,202302,156934.0,KG
30000403,1020,0001,202303,162597.0,KG
30000403,1020,0001,202304,163968.0,KG
30000403,1020,0001,202305,166576.0,KG
30000403,1020,0001,202306,166687.0,KG
30000403,1020,0001,202307,168572.0,KG
30000403,1020,0001,202308,173461.0,KG
30000403,1020,0001,202309,174828.0,KG
30000403,1020,0001,202310,179625.0,KG
30000403,1020,0001,202311,182053.0,KG
30000403,1020,0001,202312,185246.0,KG
30000403,1020,0001,202401,187659.0,KG
30000403,1020,0001,202402,190963.0,KG
30000403,1020,0001,202403,195742.0,KG
30000403,1020,0001,202404,75793.0,KG
30000403,1020,0001,202405,82661.0,KG
30000403,1020,0001,202406,84897.0,KG
30000403,1020,0001,202407,86063.0,KG
30000403,1020,0001,202408,88197.0,KG
30000403,1020,0001,202409,90315.0,KG
30000403,1020,0001,202410,91590.0,KG
30000403,1020,0001,202411,91911.0,KG
30000403,1020,0001,202412,93391.0,KG
30000403,1020,0001,202501,96273.0,KG
30000403,1020,0001,202502,99359.0,KG
30000403,1020,0001,202503,100667.0,KG
30000403,1020,0001,202504,104162.0,KG
30000403,1020,0001,202505,104446.0,KG
30000403,1020,0001,202506,106567.0,KG
30000403,1020,0001,202507,107671.0,KG
30000403,1020,0001,202508,111423.0,KG
30000403,1020,0001,202509,112055.0,KG
30000403,1020,0001,202510,112252.0,KG
30000403,1020,0001,202511,112782.0,KG
30000403,1020,0001,202512,113862.0,KG
30000403,1020,0001,202601,115284.0,KG
30000403,1020,0001,202602,116226.0,KG
30000403,1020,0001,202603,117670.0,KG
30000403,1020,0001,202604,117768.0,KG
30000403,1020,0001,202605,117992.0,KG
30000403,1020,0001,202606,119689.0,KG
30000403,1020,0001,202607,122273.0,KG
30000403,1020,0001,202608,127936.0,KG
30000403,1020,0001,202609,129200.0,KG
30000404,1020,0001,202201,59678.0,KG
30000404,1020,0001,202202,0.0,KG
30000404,1020,0001,202203,577.0,KG
30000404,1020,0001,202204,4809.0,KG
30000404,1020,0001,202205,5558.0,KG
30000404,1020,0001,202206,6363.0,KG
30000404,1020,0001,202207,7022.0,KG
30000404,1020,0001,202208,7885.0,KG
30000404,1020,0001,202209,8526.0,KG
30000404,1020,0001,202210,11159.0,KG
30000404,1020,0001,202211,12813.0,KG
30000404,1020,0001,202212,13275.0,KG
30000404,1020,0001,202301,13589.0,KG
30000404,1020,0001,202302,13663.0,KG
30000404,1020,0001,202303,16063.0,KG
30000404,1020,0001,202304,16434.0,KG
30000404,1020,0001,202305,0.0,KG
30000404,1020,0001,202306,324.0,KG
30000404,1020,0001,202307,2107.0,KG
30000404,1020,0001,202308,4247.0,KG
30000404,1020,0001,202309,6639.0,KG
30000404,1020,0001,202310,9504.0,KG
30000404,1020,0001,202311,0.0,KG
30000404,1020,0001,202312,480.0,KG
30000404,1020,0001,202401,1441.0,KG
30000404,1020,0001,202402,3068.0,KG
30000404,1020,0001,202403,5392.0,KG
30000404,1020,0001,202404,5483.0,KG
30000404,1020,0001,202405,7284.0,KG
30000404,1020,0001,202406,9186.0,KG
30000404,1020,0001,202407,13527.0,KG
30000404,1020,0001,202408,13892.0,KG
30000404,1020,0001,202409,14254.0,KG
30000404,1020,0001,202410,15571.0,KG
30000404,1020,0001,202411,18416.0,KG
30000404,1020,0001,202412,19041.0,KG
30000404,1020,0001,202501,19631.0,KG
30000404,1020,0001,202502,19874.0,KG
30000404,1020,0001,202503,20410.0,KG
30000404,1020,0001,202504,21236.0,KG
30000404,1020,0001,202505,22837.0,KG
30000404,1020,0001,202506,22994.0,KG
30000404,1020,0001,202507,23378.0,KG
30000404,1020,0001,202508,24029.0,KG
30000404,1020,0001,202509,27570.0,KG
30000404,1020,0001,202510,30228.0,KG
30000404,1020,0001,202511,30839.0,KG
30000404,1020,0001,202512,31683.0,KG
30000404,1020,0001,202601,33293.0,KG
30000404,1020,0001,202602,34568.0,KG
30000404,1020,0001,202603,35722.0,KG
30000404,1020,0001,202604,36616.0,KG
30000404,1020,0001,202605,39074.0,KG
30000404,1020,0001,202606,39573.0,KG
30000404,1020,0001,202607,39658.0,KG
30000404,1020,0001,202608,39897.0,KG
30000404,1020,0001,202609,0.0,KG
30000405,1020,0001,202201,98622.0,KG
30000405,1020,0001,202202,102703.0,KG
30000405,1020,0001,202203,104407.0,KG
30000405,1020,0001,202204,105406.0,KG
30000405,1020,0001,202205,105498.0,KG
30000405,1020,0001,202206,106531.0,KG
30000405,1020,0001,202207,108018.0,KG
30000405,1020,0001,202208,110224.0,KG
30000405,1020,0001,202209,112165.0,KG
30000405,1020,0001,202210,116032.0,KG
30000405,1020,0001,202211,116616.0,KG
30000405,1020,0001,202212,116845.0,KG
30000405,1020,0001,202301,116915.0,KG
30000405,1020,0001,202302,117193.0,KG
30000405,1020,0001,202303,118739.0,KG
30000405,1020,0001,202304,121356.0,KG
30000405,1020,0001,202305,122819.0,KG
30000405,1020,0001,202306,125861.0,KG
30000405,1020,0001,202307,131381.0,KG
30000405,1020,0001,202308,133192.0,KG
30000405,1020,0001,202309,134339.0,KG
30000405,1020,0001,202310,134898.0,KG
30000405,1020,0001,202311,136177.0,KG
30000405,1020,0001,202312,136754.0,KG
30000405,1020,0001,202401,137103.0,KG
30000405,1020,0001,202402,137306.0,KG
30000405,1020,0001,202403,139389.0,KG
30000405,1020,0001,202404,26400.0,KG
30000405,1020,0001,202405,30954.0,KG
30000405,1020,0001,202406,34707.0,KG
30000405,1020,0001,202407,38950.0,KG
30000405,1020,0001,202408,41105.0,KG
30000405,1020,0001,202409,44697.0,KG
30000405,1020,0001,202410,45305.0,KG
30000405,1020,0001,202411,46178.0,KG
30000405,1020,0001,202412,48813.0,KG
30000405,1020,0001,202501,51639.0,KG
30000405,1020,0001,202502,52748.0,KG
30000405,1020,0001,202503,54091.0,KG
30000405,1020,0001,202504,54576.0,KG
30000405,1020,0001,202505,57475.0,KG
30000405,1020,0001,202506,59775.0,KG
30000405,1020,0001,202507,61313.0,KG
30000405,1020,0001,202508,62979.0,KG
30000405,1020,0001,202509,64629.0,KG
30000405,1020,0001,202510,68725.0,KG
30000405,1020,0001,202511,70126.0,KG
30000405,1020,0001,202512,73800.0,KG
30000405,1020,0001,202601,75722.0,KG
30000405,1020,0001,202602,76002.0,KG
30000405,1020,0001,202603,78978.0,KG
30000405,1020,0001,202604,79969.0,KG
30000405,1020,0001,202605,81272.0,KG
30000405,1020,0001,202606,81415.0,KG
30000405,1020,0001,202607,81741.0,KG
30000405,1020,0001,202608,82624.0,KG
30000405,1020,0001,202609,83152.0,KG
20000101,1010,0001,202201,244105.0,KG
20000101,1010,0001,202202,244105.0,KG
20000101,1010,0001,202203,244105.0,KG
20000101,1010,0001,202204,244105.0,KG
20000101,1010,0001,202205,244105.0,KG
20000101,1010,0001,202206,244105.0,KG
20000101,1010,0001,202207,244105.0,KG
20000101,1010,0001,202208,244105.0,KG
20000101,1010,0001,202209,244105.0,KG
20000101,1010,0001,202210,244105.0,KG
20000101,1010,0001,202211,244105.0,KG
20000101,1010,0001,202212,244105.0,KG
20000101,1010,0001,202301,244105.0,KG
20000101,1010,0001,202302,244105.0,KG
20000101,1010,0001,202303,244105.0,KG
20000101,1010,0001,202304,244105.0,KG
20000101,1010,0001,202305,244105.0,KG
20000101,1010,0001,202306,244105.0,KG
20000101,1010,0001,202307,244105.0,KG
20000101,1010,0001,202308,244105.0,KG
20000101,1010,0001,202309,244105.0,KG
20000101,1010,0001,202310,244105.0,KG
20000101,1010,0001,202311,244105.0,KG
20000101,1010,0001,202312,244105.0,KG
20000101,1010,0001,202401,244105.0,KG
20000101,1010,0001,202402,244105.0,KG
20000101,1010,0001,202403,244105.0,KG
20000101,1010,0001,202404,244105.0,KG
20000101,1010,0001,202405,244105.0,KG
20000101,1010,0001,202406,244105.0,KG
20000101,1010,0001,202407,244105.0,KG
20000101,1010,0001,202408,244105.0,KG
20000101,1010,0001,202409,244105.0,KG
20000101,1010,0001,202410,244105.0,KG
20000101,1010,0001,202411,244105.0,KG
20000101,1010,0001,202412,244105.0,KG
20000101,1010,0001,202501,244105.0,KG
20000101,1010,0001,202502,244105.0,KG
20000101,1010,0001,202503,244105.0,KG
20000101,1010,0001,202504,244105.0,KG
20000101,1010,0001,202505,244105.0,KG
20000101,1010,0001,202506,244105.0,KG
20000101,1010,0001,202507,244105.0,KG
20000101,1010,0001,202508,244105.0,KG
20000101,1010,0001,202509,244105.0,KG
20000101,1010,0001,202510,244105.0,KG
20000101,1010,0001,202511,244105.0,KG
20000101,1010,0001,202512,244105.0,KG
20000101,1010,0001,202601,244105.0,KG
20000101,1010,0001,202602,244105.0,KG
20000101,1010,0001,202603,244105.0,KG
20000101,1010,0001,202604,244105.0,KG
20000101,1010,0001,202605,244105.0,KG
20000101,1010,0001,202606,244105.0,KG
20000101,1010,0001,202607,244105.0,KG
20000101,1010,0001,202608,244105.0,KG
20000101,1010,0001,202609,244105.0,KG
40000101,1020,0001,202201,72158.0,KG
40000101,1020,0001,202202,73010.0,KG
40000101,1020,0001,202203,74928.0,KG
40000101,1020,0001,202204,73163.0,KG
40000101,1020,0001,202205,75153.0,KG
40000101,1020,0001,202206,74948.0,KG
40000101,1020,0001,202207,75785.0,KG
40000101,1020,0001,202208,76851.0,KG
40000101,1020,0001,202209,74886.0,KG
40000101,1020,0001,202210,79768.0,KG
40000101,1020,0001,202211,83841.0,KG
40000101,1020,0001,202212,87557.0,KG
40000101,1020,0001,202301,84025.0,KG
40000101,1020,0001,202302,83462.0,KG
40000101,1020,0001,202303,81551.0,KG
40000101,1020,0001,202304,84503.0,KG
40000101,1020,0001,202305,96494.0,KG
40000101,1020,0001,202306,98864.0,KG
40000101,1020,0001,202307,99429.0,KG
40000101,1020,0001,202308,101142.0,KG
40000101,1020,0001,202309,12840.0,KG
40000101,1020,0001,202310,14457.0,KG
40000101,1020,0001,202311,23987.0,KG
40000101,1020,0001,202312,23712.0,KG
40000101,1020,0001,202401,32364.0,KG
40000101,1020,0001,202402,37925.0,KG
40000101,1020,0001,202403,38466.0,KG
40000101,1020,0001,202404,42668.0,KG
40000101,1020,0001,202405,41937.0,KG
40000101,1020,0001,202406,40564.0,KG
40000101,1020,0001,202407,45252.0,KG
40000101,1020,0001,202408,53011.0,KG
40000101,1020,0001,202409,59313.0,KG
40000101,1020,0001,202410,59804.0,KG
40000101,1020,0001,202411,56196.0,KG
40000101,1020,0001,202412,62037.0,KG
40000101,1020,0001,202501,62068.0,KG
40000101,1020,0001,202502,61675.0,KG
40000101,1020,0001,202503,65761.0,KG
40000101,1020,0001,202504,63084.0,KG
40000101,1020,0001,202505,67293.0,KG
40000101,1020,0001,202506,73035.0,KG
40000101,1020,0001,202507,78085.0,KG
40000101,1020,0001,202508,78578.0,KG
40000101,1020,0001,202509,83913.0,KG
40000101,1020,0001,202510,86075.0,KG
40000101,1020,0001,202511,89225.0,KG
40000101,1020,0001,202512,89694.0,KG
40000101,1020,0001,202601,88527.0,KG
40000101,1020,0001,202602,86700.0,KG
40000101,1020,0001,202603,86476.0,KG
40000101,1020,0001,202604,89681.0,KG
40000101,1020,0001,202605,93875.0,KG
40000101,1020,0001,202606,91551.0,KG
40000101,1020,0001,202607,95719.0,KG
40000101,1020,0001,202608,106800.0,KG
40000101,1020,0001,202609,105539.0,KG
40000102,1020,0001,202201,73752.0,KG
40000102,1020,0001,202202,74624.0,KG
40000102,1020,0001,202203,71460.0,KG
40000102,1020,0001,202204,72757.0,KG
40000102,1020,0001,202205,77776.0,KG
40000102,1020,0001,202206,78163.0,KG
40000102,1020,0001,202207,79985.0,KG
40000102,1020,0001,202208,77491.0,KG
40000102,1020,0001,202209,76010.0,KG
40000102,1020,0001,202210,30120.0,KG
40000102,1020,0001,202211,31754.0,KG
40000102,1020,0001,202212,32546.0,KG
40000102,1020,0001,202301,37312.0,KG
40000102,1020,0001,202302,38285.0,KG
40000102,1020,0001,202303,43928.0,KG
40000102,1020,0001,202304,41599.0,KG
40000102,1020,0001,202305,39696.0,KG
40000102,1020,0001,202306,40467.0,KG
40000102,1020,0001,202307,40689.0,KG
40000102,1020,0001,202308,41126.0,KG
40000102,1020,0001,202309,42066.0,KG
40000102,1020,0001,202310,45885.0,KG
40000102,1020,0001,202311,44420.0,KG
40000102,1020,0001,202312,43078.0,KG
40000102,1020,0001,202401,45003.0,KG
40000102,1020,0001,202402,50150.0,KG
40000102,1020,0001,202403,49062.0,KG
40000102,1020,0001,202404,54522.0,KG
40000102,1020,0001,202405,55259.0,KG
40000102,1020,0001,202406,53506.0,KG
40000102,1020,0001,202407,56851.0,KG
40000102,1020,0001,202408,60275.0,KG
40000102,1020,0001,202409,65880.0,KG
40000102,1020,0001,202410,66368.0,KG
40000102,1020,0001,202411,68270.0,KG
40000102,1020,0001,202412,72248.0,KG
40000102,1020,0001,202501,72708.0,KG
40000102,1020,0001,202502,72757.0,KG
40000102,1020,0001,202503,74733.0,KG
40000102,1020,0001,202504,77775.0,KG
40000102,1020,0001,202505,76563.0,KG
40000102,1020,0001,202506,80927.0,KG
40000102,1020,0001,202507,79482.0,KG
40000102,1020,0001,202508,82351.0,KG
40000102,1020,0001,202509,85939.0,KG
40000102,1020,0001,202510,82954.0,KG
40000102,1020,0001,202511,87774.0,KG
40000102,1020,0001,202512,85633.0,KG
40000102,1020,0001,202601,88228.0,KG
40000102,1020,0001,202602,91869.0,KG
40000102,1020,0001,202603,91060.0,KG
40000102,1020,0001,202604,90623.0,KG
40000102,1020,0001,202605,91933.0,KG
40000102,1020,0001,202606,89420.0,KG
40000102,1020,0001,202607,96247.0,KG
40000102,1020,0001,202608,94885.0,KG
40000102,1020,0001,202609,95273.0,KG
40000103,1020,0001,202201,10865.0,KG
40000103,1020,0001,202202,0.0,KG
40000103,1020,0001,202203,0.0,KG
40000103,1020,0001,202204,0.0,KG
40000103,1020,0001,202205,65.0,KG
40000103,1020,0001,202206,1675.0,KG
40000103,1020,0001,202207,0.0,KG
40000103,1020,0001,202208,0.0,KG
40000103,1020,0001,202209,122.0,KG
40000103,1020,0001,202210,0.0,KG
40000103,1020,0001,202211,614.0,KG
40000103,1020,0001,202212,0.0,KG
40000103,1020,0001,202301,765.0,KG
40000103,1020,0001,202302,0.0,KG
40000103,1020,0001,202303,1092.0,KG
40000103,1020,0001,202304,1251.0,KG
40000103,1020,0001,202305,1619.0,KG
40000103,1020,0001,202306,805.0,KG
40000103,1020,0001,202307,0.0,KG
40000103,1020,0001,202308,0.0,KG
40000103,1020,0001,202309,0.0,KG
40000103,1020,0001,202310,2651.0,KG
40000103,1020,0001,202311,2451.0,KG
40000103,1020,0001,202312,2754.0,KG
40000103,1020,0001,202401,2177.0,KG
40000103,1020,0001,202402,2331.0,KG
40000103,1020,0001,202403,2488.0,KG
40000103,1020,0001,202404,2980.0,KG
40000103,1020,0001,202405,0.0,KG
40000103,1020,0001,202406,1450.0,KG
40000103,1020,0001,202407,1640.0,KG
40000103,1020,0001,202408,5029.0,KG
40000103,1020,0001,202409,0.0,KG
40000103,1020,0001,202410,0.0,KG
40000103,1020,0001,202411,0.0,KG
40000103,1020,0001,202412,0.0,KG
40000103,1020,0001,202501,572.0,KG
40000103,1020,0001,202502,0.0,KG
40000103,1020,0001,202503,0.0,KG
40000103,1020,0001,202504,3551.0,KG
40000103,1020,0001,202505,4249.0,KG
40000103,1020,0001,202506,4828.0,KG
40000103,1020,0001,202507,5764.0,KG
40000103,1020,0001,202508,7804.0,KG
40000103,1020,0001,202509,0.0,KG
40000103,1020,0001,202510,0.0,KG
40000103,1020,0001,202511,796.0,KG
40000103,1020,0001,202512,1697.0,KG
40000103,1020,0001,202601,0.0,KG
40000103,1020,0001,202602,521.0,KG
40000103,1020,0001,202603,689.0,KG
40000103,1020,0001,202604,379.0,KG
40000103,1020,0001,202605,656.0,KG
40000103,1020,0001,202606,963.0,KG
40000103,1020,0001,202607,1448.0,KG
40000103,1020,0001,202608,0.0,KG
40000103,1020,0001,202609,0.0,KG
40000104,1020,0001,202201,79548.0,KG
40000104,1020,0001,202202,80752.0,KG
40000104,1020,0001,202203,85140.0,KG
40000104,1020,0001,202204,88378.0,KG
40000104,1020,0001,202205,88414.0,KG
40000104,1020,0001,202206,90120.0,KG
40000104,1020,0001,202207,93576.0,KG
40000104,1020,0001,202208,93676.0,KG
40000104,1020,0001,202209,96681.0,KG
40000104,1020,0001,202210,98505.0,KG
40000104,1020,0001,202211,97395.0,KG
40000104,1020,0001,202212,99525.0,KG
40000104,1020,0001,202301,100364.0,KG
40000104,1020,0001,202302,102325.0,KG
40000104,1020,0001,202303,108666.0,KG
40000104,1020,0001,202304,107936.0,KG
40000104,1020,0001,202305,109811.0,KG
40000104,1020,0001,202306,115815.0,KG
40000104,1020,0001,202307,115810.0,KG
40000104,1020,0001,202308,120610.0,KG
40000104,1020,0001,202309,122962.0,KG
40000104,1020,0001,202310,124974.0,KG
40000104,1020,0001,202311,123848.0,KG
40000104,1020,0001,202312,122821.0,KG
40000104,1020,0001,202401,122367.0,KG
40000104,1020,0001,202402,123454.0,KG
40000104,1020,0001,202403,126220.0,KG
40000104,1020,0001,202404,130948.0,KG
40000104,1020,0001,202405,133095.0,KG
40000104,1020,0001,202406,136541.0,KG
40000104,1020,0001,202407,132082.0,KG
40000104,1020,0001,202408,138489.0,KG
40000104,1020,0001,202409,139775.0,KG
40000104,1020,0001,202410,6240.0,KG
40000104,1020,0001,202411,6271.0,KG
40000104,1020,0001,202412,11748.0,KG
40000104,1020,0001,202501,14647.0,KG
40000104,1020,0001,202502,11767.0,KG
40000104,1020,0001,202503,11690.0,KG
40000104,1020,0001,202504,10923.0,KG
40000104,1020,0001,202505,17663.0,KG
40000104,1020,0001,202506,15048.0,KG
40000104,1020,0001,202507,23776.0,KG
40000104,1020,0001,202508,28755.0,KG
40000104,1020,0001,202509,30120.0,KG
40000104,1020,0001,202510,31519.0,KG
40000104,1020,0001,202511,31755.0,KG
40000104,1020,0001,202512,35209.0,KG
40000104,1020,0001,202601,34037.0,KG
40000104,1020,0001,202602,36939.0,KG
40000104,1020,0001,202603,32117.0,KG
40000104,1020,0001,202604,38576.0,KG
40000104,1020,0001,202605,38245.0,KG
40000104,1020,0001,202606,37849.0,KG
40000104,1020,0001,202607,33307.0,KG
40000104,1020,0001,202608,37824.0,KG
40000104,1020,0001,202609,42460.0,KG
40000105,1020,0001,202201,29888.0,KG
40000105,1020,0001,202202,30289.0,KG
40000105,1020,0001,202203,30013.0,KG
40000105,1020,0001,202204,29928.0,KG
40000105,1020,0001,202205,30274.0,KG
40000105,1020,0001,202206,31206.0,KG
40000105,1020,0001,202207,32331.0,KG
40000105,1020,0001,202208,32487.0,KG
40000105,1020,0001,202209,32975.0,KG
40000105,1020,0001,202210,32920.0,KG
40000105,1020,0001,202211,34390.0,KG
40000105,1020,0001,202212,33520.0,KG
40000105,1020,0001,202301,33783.0,KG
40000105,1020,0001,202302,32156.0,KG
40000105,1020,0001,202303,31783.0,KG
40000105,1020,0001,202304,31638.0,KG
40000105,1020,0001,202305,32320.0,KG
40000105,1020,0001,202306,30852.0,KG
40000105,1020,0001,202307,30945.0,KG
40000105,1020,0001,202308,32089.0,KG
40000105,1020,0001,202309,32060.0,KG
40000105,1020,0001,202310,8880.0,KG
40000105,1020,0001,202311,8866.0,KG
40000105,1020,0001,202312,8310.0,KG
40000105,1020,0001,202401,10011.0,KG
40000105,1020,0001,202402,10502.0,KG
40000105,1020,0001,202403,13199.0,KG
40000105,1020,0001,202404,11182.0,KG
40000105,1020,0001,202405,11242.0,KG
40000105,1020,0001,202406,12868.0,KG
40000105,1020,0001,202407,13180.0,KG
40000105,1020,0001,202408,13539.0,KG
40000105,1020,0001,202409,13104.0,KG
40000105,1020,0001,202410,10592.0,KG
40000105,1020,0001,202411,13113.0,KG
40000105,1020,0001,202412,13577.0,KG
40000105,1020,0001,202501,10075.0,KG
40000105,1020,0001,202502,11532.0,KG
40000105,1020,0001,202503,12346.0,KG
40000105,1020,0001,202504,0.0,KG
40000105,1020,0001,202505,0.0,KG
40000105,1020,0001,202506,1897.0,KG
40000105,1020,0001,202507,3319.0,KG
40000105,1020,0001,202508,1497.0,KG
40000105,1020,0001,202509,1051.0,KG
40000105,1020,0001,202510,4029.0,KG
40000105,1020,0001,202511,4995.0,KG
40000105,1020,0001,202512,4566.0,KG
40000105,1020,0001,202601,0.0,KG
40000105,1020,0001,202602,0.0,KG
40000105,1020,0001,202603,0.0,KG
40000105,1020,0001,202604,216.0,KG
40000105,1020,0001,202605,5723.0,KG
40000105,1020,0001,202606,5186.0,KG
40000105,1020,0001,202607,5210.0,KG
40000105,1020,0001,202608,0.0,KG
40000105,1020,0001,202609,4314.0,KG
40000106,1020,0001,202201,30974.0,KG
40000106,1020,0001,202202,31616.0,KG
40000106,1020,0001,202203,4080.0,KG
40000106,1020,0001,202204,5321.0,KG
40000106,1020,0001,202205,6139.0,KG
40000106,1020,0001,202206,7794.0,KG
40000106,1020,0001,202207,9517.0,KG
40000106,1020,0001,202208,9477.0,KG
40000106,1020,0001,202209,9818.0,KG
40000106,1020,0001,202210,0.0,KG
40000106,1020,0001,202211,3087.0,KG
40000106,1020,0001,202212,0.0,KG
40000106,1020,0001,202301,0.0,KG
40000106,1020,0001,202302,0.0,KG
40000106,1020,0001,202303,1468.0,KG
40000106,1020,0001,202304,0.0,KG
40000106,1020,0001,202305,0.0,KG
40000106,1020,0001,202306,2035.0,KG
40000106,1020,0001,202307,1787.0,KG
40000106,1020,0001,202308,1750.0,KG
40000106,1020,0001,202309,4349.0,KG
40000106,1020,0001,202310,9259.0,KG
40000106,1020,0001,202311,10825.0,KG
40000106,1020,0001,202312,13288.0,KG
40000106,1020,0001,202401,10482.0,KG
40000106,1020,0001,202402,10496.0,KG
40000106,1020,0001,202403,0.0,KG
40000106,1020,0001,202404,0.0,KG
40000106,1020,0001,202405,666.0,KG
40000106,1020,0001,202406,0.0,KG
40000106,1020,0001,202407,0.0,KG
40000106,1020,0001,202408,955.0,KG
40000106,1020,0001,202409,311.0,KG
40000106,1020,0001,202410,0.0,KG
40000106,1020,0001,202411,946.0,KG
40000106,1020,0001,202412,1034.0,KG
40000106,1020,0001,202501,0.0,KG
40000106,1020,0001,202502,0.0,KG
40000106,1020,0001,202503,900.0,KG
40000106,1020,0001,202504,2005.0,KG
40000106,1020,0001,202505,2122.0,KG
40000106,1020,0001,202506,3643.0,KG
40000106,1020,0001,202507,3977.0,KG
40000106,1020,0001,202508,6207.0,KG
40000106,1020,0001,202509,7016.0,KG
40000106,1020,0001,202510,8756.0,KG
40000106,1020,0001,202511,9893.0,KG
40000106,1020,0001,202512,10411.0,KG
40000106,1020,0001,202601,11171.0,KG
40000106,1020,0001,202602,10326.0,KG
40000106,1020,0001,202603,7318.0,KG
40000106,1020,0001,202604,7437.0,KG
40000106,1020,0001,202605,6832.0,KG
40000106,1020,0001,202606,6965.0,KG
40000106,1020,0001,202607,6478.0,KG
40000106,1020,0001,202608,8447.0,KG
40000106,1020,0001,202609,9244.0,KG
40000107,1020,0001,202201,38612.0,KG
40000107,1020,0001,202202,15120.0,KG
40000107,1020,0001,202203,14939.0,KG
40000107,1020,0001,202204,17156.0,KG
40000107,1020,0001,202205,12900.0,KG
40000107,1020,0001,202206,13319.0,KG
40000107,1020,0001,202207,10638.0,KG
40000107,1020,0001,202208,8018.0,KG
40000107,1020,0001,202209,6301.0,KG
40000107,1020,0001,202210,10775.0,KG
40000107,1020,0001,202211,13761.0,KG
40000107,1020,0001,202212,10681.0,KG
40000107,1020,0001,202301,10471.0,KG
40000107,1020,0001,202302,11539.0,KG
40000107,1020,0001,202303,9724.0,KG
40000107,1020,0001,202304,10573.0,KG
40000107,1020,0001,202305,11057.0,KG
40000107,1020,0001,202306,12066.0,KG
40000107,1020,0001,202307,14494.0,KG
40000107,1020,0001,202308,16941.0,KG
40000107,1020,0001,202309,0.0,KG
40000107,1020,0001,202310,3198.0,KG
40000107,1020,0001,202311,3978.0,KG
40000107,1020,0001,202312,4275.0,KG
40000107,1020,0001,202401,3582.0,KG
40000107,1020,0001,202402,5583.0,KG
40000107,1020,0001,202403,6521.0,KG
40000107,1020,0001,202404,8463.0,KG
40000107,1020,0001,202405,13080.0,KG
40000107,1020,0001,202406,12170.0,KG
40000107,1020,0001,202407,0.0,KG
40000107,1020,0001,202408,1249.0,KG
40000107,1020,0001,202409,0.0,KG
40000107,1020,0001,202410,0.0,KG
40000107,1020,0001,202411,0.0,KG
40000107,1020,0001,202412,1290.0,KG
40000107,1020,0001,202501,4405.0,KG
40000107,1020,0001,202502,5894.0,KG
40000107,1020,0001,202503,6533.0,KG
40000107,1020,0001,202504,5254.0,KG
40000107,1020,0001,202505,5705.0,KG
40000107,1020,0001,202506,6266.0,KG
40000107,1020,0001,202507,9230.0,KG
40000107,1020,0001,202508,10379.0,KG
40000107,1020,0001,202509,11103.0,KG
40000107,1020,0001,202510,15313.0,KG
40000107,1020,0001,202511,15036.0,KG
40000107,1020,0001,202512,17512.0,KG
40000107,1020,0001,202601,17798.0,KG
40000107,1020,0001,202602,17558.0,KG
40000107,1020,0001,202603,18963.0,KG
40000107,1020,0001,202604,18077.0,KG
40000107,1020,0001,202605,19627.0,KG
40000107,1020,0001,202606,19893.0,KG
40000107,1020,0001,202607,18871.0,KG
40000107,1020,0001,202608,18253.0,KG
40000107,1020,0001,202609,16449.0,KG
40000108,1020,0001,202201,95200.0,KG
40000108,1020,0001,202202,99228.0,KG
40000108,1020,0001,202203,101826.0,KG
40000108,1020,0001,202204,107951.0,KG
40000108,1020,0001,202205,111871.0,KG
40000108,1020,0001,202206,115127.0,KG
40000108,1020,0001,202207,113122.0,KG
40000108,1020,0001,202208,117593.0,KG
40000108,1020,0001,202209,119060.0,KG
40000108,1020,0001,202210,125569.0,KG
40000108,1020,0001,202211,133369.0,KG
40000108,1020,0001,202212,143230.0,KG
40000108,1020,0001,202301,144576.0,KG
40000108,1020,0001,202302,149341.0,KG
40000108,1020,0001,202303,150036.0,KG
40000108,1020,0001,202304,154883.0,KG
40000108,1020,0001,202305,157236.0,KG
40000108,1020,0001,202306,164348.0,KG
40000108,1020,0001,202307,64920.0,KG
40000108,1020,0001,202308,66690.0,KG
40000108,1020,0001,202309,67530.0,KG
40000108,1020,0001,202310,68875.0,KG
40000108,1020,0001,202311,72361.0,KG
40000108,1020,0001,202312,78765.0,KG
40000108,1020,0001,202401,88139.0,KG
40000108,1020,0001,202402,95855.0,KG
40000108,1020,0001,202403,92910.0,KG
40000108,1020,0001,202404,92057.0,KG
40000108,1020,0001,202405,90858.0,KG
40000108,1020,0001,202406,89521.0,KG
40000108,1020,0001,202407,98509.0,KG
40000108,1020,0001,202408,104735.0,KG
40000108,1020,0001,202409,101207.0,KG
40000108,1020,0001,202410,98412.0,KG
40000108,1020,0001,202411,98725.0,KG
40000108,1020,0001,202412,103545.0,KG
40000108,1020,0001,202501,100234.0,KG
40000108,1020,0001,202502,98152.0,KG
40000108,1020,0001,202503,95332.0,KG
40000108,1020,0001,202504,96456.0,KG
40000108,1020,0001,202505,97210.0,KG
40000108,1020,0001,202506,98395.0,KG
40000108,1020,0001,202507,92855.0,KG
40000108,1020,0001,202508,89230.0,KG
40000108,1020,0001,202509,89595.0,KG
40000108,1020,0001,202510,85828.0,KG
40000108,1020,0001,202511,86629.0,KG
40000108,1020,0001,202512,84621.0,KG
40000108,1020,0001,202601,89227.0,KG
40000108,1020,0001,202602,88739.0,KG
40000108,1020,0001,202603,97263.0,KG
40000108,1020,0001,202604,97265.0,KG
40000108,1020,0001,202605,94733.0,KG
40000108,1020,0001,202606,90891.0,KG
40000108,1020,0001,202607,89861.0,KG
40000108,1020,0001,202608,94110.0,KG
40000108,1020,0001,202609,91077.0,KG
40000109,1020,0001,202201,13440.0,KG
40000109,1020,0001,202202,13080.0,KG
40000109,1020,0001,202203,16498.0,KG
40000109,1020,0001,202204,14565.0,KG
40000109,1020,0001,202205,21638.0,KG
40000109,1020,0001,202206,23094.0,KG
40000109,1020,0001,202207,26059.0,KG
40000109,1020,0001,202208,25513.0,KG
40000109,1020,0001,202209,0.0,KG
40000109,1020,0001,202210,0.0,KG
40000109,1020,0001,202211,773.0,KG
40000109,1020,0001,202212,4560.0,KG
40000109,1020,0001,202301,6220.0,KG
40000109,1020,0001,202302,7145.0,KG
40000109,1020,0001,202303,9684.0,KG
40000109,1020,0001,202304,9701.0,KG
40000109,1020,0001,202305,12501.0,KG
40000109,1020,0001,202306,15173.0,KG
40000109,1020,0001,202307,19361.0,KG
40000109,1020,0001,202308,21119.0,KG
40000109,1020,0001,202309,22394.0,KG
40000109,1020,0001,202310,25775.0,KG
40000109,1020,0001,202311,29418.0,KG
40000109,1020,0001,202312,30679.0,KG
40000109,1020,0001,202401,32700.0,KG
40000109,1020,0001,202402,34140.0,KG
40000109,1020,0001,202403,6960.0,KG
40000109,1020,0001,202404,8047.0,KG
40000109,1020,0001,202405,12626.0,KG
40000109,1020,0001,202406,20995.0,KG
40000109,1020,0001,202407,21831.0,KG
40000109,1020,0001,202408,23284.0,KG
40000109,1020,0001,202409,29208.0,KG
40000109,1020,0001,202410,31088.0,KG
40000109,1020,0001,202411,33622.0,KG
40000109,1020,0001,202412,33822.0,KG
40000109,1020,0001,202501,31358.0,KG
40000109,1020,0001,202502,33791.0,KG
40000109,1020,0001,202503,35670.0,KG
40000109,1020,0001,202504,38511.0,KG
40000109,1020,0001,202505,38797.0,KG
40000109,1020,0001,202506,38654.0,KG
40000109,1020,0001,202507,41036.0,KG
40000109,1020,0001,202508,38060.0,KG
40000109,1020,0001,202509,38919.0,KG
40000109,1020,0001,202510,38062.0,KG
40000109,1020,0001,202511,40949.0,KG
40000109,1020,0001,202512,41859.0,KG
40000109,1020,0001,202601,42436.0,KG
40000109,1020,0001,202602,44083.0,KG
40000109,1020,0001,202603,46770.0,KG
40000109,1020,0001,202604,48641.0,KG
40000109,1020,0001,202605,51692.0,KG
40000109,1020,0001,202606,50558.0,KG
40000109,1020,0001,202607,50580.0,KG
40000109,1020,0001,202608,49652.0,KG
40000109,1020,0001,202609,51505.0,KG
40000110,1020,0001,202201,117687.0,KG
40000110,1020,0001,202202,116316.0,KG
40000110,1020,0001,202203,124286.0,KG
40000110,1020,0001,202204,130000.0,KG
40000110,1020,0001,202205,131268.0,KG
40000110,1020,0001,202206,127669.0,KG
40000110,1020,0001,202207,120532.0,KG
40000110,1020,0001,202208,126936.0,KG
40000110,1020,0001,202209,131548.0,KG
40000110,1020,0001,202210,140356.0,KG
40000110,1020,0001,202211,140278.0,KG
40000110,1020,0001,202212,152090.0,KG
40000110,1020,0001,202301,153385.0,KG
40000110,1020,0001,202302,160539.0,KG
40000110,1020,0001,202303,167116.0,KG
40000110,1020,0001,202304,173083.0,KG
40000110,1020,0001,202305,170217.0,KG
40000110,1020,0001,202306,164518.0,KG
40000110,1020,0001,202307,178105.0,KG
40000110,1020,0001,202308,181322.0,KG
40000110,1020,0001,202309,184168.0,KG
40000110,1020,0001,202310,193547.0,KG
40000110,1020,0001,202311,193911.0,KG
40000110,1020,0001,202312,205826.0,KG
40000110,1020,0001,202401,205883.0,KG
40000110,1020,0001,202402,218446.0,KG
40000110,1020,0001,202403,221951.0,KG
40000110,1020,0001,202404,230036.0,KG
40000110,1020,0001,202405,221759.0,KG
40000110,1020,0001,202406,215096.0,KG
40000110,1020,0001,202407,216425.0,KG
40000110,1020,0001,202408,221659.0,KG
40000110,1020,0001,202409,232443.0,KG
40000110,1020,0001,202410,241101.0,KG
40000110,1020,0001,202411,253808.0,KG
40000110,1020,0001,202412,256884.0,KG
40000110,1020,0001,202501,259627.0,KG
40000110,1020,0001,202502,258944.0,KG
40000110,1020,0001,202503,260647.0,KG
40000110,1020,0001,202504,263015.0,KG
40000110,1020,0001,202505,274243.0,KG
40000110,1020,0001,202506,272620.0,KG
40000110,1020,0001,202507,268428.0,KG
40000110,1020,0001,202508,263631.0,KG
40000110,1020,0001,202509,262169.0,KG
40000110,1020,0001,202510,258131.0,KG
40000110,1020,0001,202511,259768.0,KG
40000110,1020,0001,202512,259392.0,KG
40000110,1020,0001,202601,259572.0,KG
40000110,1020,0001,202602,258551.0,KG
40000110,1020,0001,202603,264448.0,KG
40000110,1020,0001,202604,266808.0,KG
40000110,1020,0001,202605,278612.0,KG
40000110,1020,0001,202606,278046.0,KG
40000110,1020,0001,202607,280984.0,KG
40000110,1020,0001,202608,298179.0,KG
40000110,1020,0001,202609,296176.0,KG
40000111,1020,0001,202201,160468.0,KG
40000111,1020,0001,202202,169691.0,KG
40000111,1020,0001,202203,175077.0,KG
40000111,1020,0001,202204,172970.0,KG
40000111,1020,0001,202205,169763.0,KG
40000111,1020,0001,202206,171537.0,KG
40000111,1020,0001,202207,189943.0,KG
40000111,1020,0001,202208,184180.0,KG
40000111,1020,0001,202209,188668.0,KG
40000111,1020,0001,202210,203594.0,KG
40000111,1020,0001,202211,198928.0,KG
40000111,1020,0001,202212,194459.0,KG
40000111,1020,0001,202301,207659.0,KG
40000111,1020,0001,202302,219901.0,KG
40000111,1020,0001,202303,226070.0,KG
40000111,1020,0001,202304,234482.0,KG
40000111,1020,0001,202305,234836.0,KG
40000111,1020,0001,202306,227905.0,KG
40000111,1020,0001,202307,247600.0,KG
40000111,1020,0001,202308,244912.0,KG
40000111,1020,0001,202309,246072.0,KG
40000111,1020,0001,202310,243829.0,KG
40000111,1020,0001,202311,257789.0,KG
40000111,1020,0001,202312,253518.0,KG
40000111,1020,0001,202401,263949.0,KG
40000111,1020,0001,202402,272481.0,KG
40000111,1020,0001,202403,285705.0,KG
40000111,1020,0001,202404,290351.0,KG
40000111,1020,0001,202405,291603.0,KG
40000111,1020,0001,202406,304263.0,KG
40000111,1020,0001,202407,319576.0,KG
40000111,1020,0001,202408,317122.0,KG
40000111,1020,0001,202409,315203.0,KG
40000111,1020,0001,202410,331114.0,KG
40000111,1020,0001,202411,354058.0,KG
40000111,1020,0001,202412,362047.0,KG
40000111,1020,0001,202501,373298.0,KG
40000111,1020,0001,202502,383951.0,KG
40000111,1020,0001,202503,389916.0,KG
40000111,1020,0001,202504,400026.0,KG
40000111,1020,0001,202505,398088.0,KG
40000111,1020,0001,202506,406477.0,KG
40000111,1020,0001,202507,404088.0,KG
40000111,1020,0001,202508,408258.0,KG
40000111,1020,0001,202509,411310.0,KG
40000111,1020,0001,202510,427781.0,KG
40000111,1020,0001,202511,422470.0,KG
40000111,1020,0001,202512,424147.0,KG
40000111,1020,0001,202601,418251.0,KG
40000111,1020,0001,202602,414126.0,KG
40000111,1020,0001,202603,424627.0,KG
40000111,1020,0001,202604,433439.0,KG
40000111,1020,0001,202605,443158.0,KG
40000111,1020,0001,202606,455316.0,KG
40000111,1020,0001,202607,461973.0,KG
40000111,1020,0001,202608,461935.0,KG
40000111,1020,0001,202609,459260.0,KG
10000101,1010,0001,202201,232392.0,KG
10000101,1010,0001,202202,209640.0,KG
10000101,1010,0001,202203,266406.0,KG
10000101,1010,0001,202204,257609.0,KG
10000101,1010,0001,202205,239131.0,KG
10000101,1010,0001,202206,281619.0,KG
10000101,1010,0001,202207,312279.0,KG
10000101,1010,0001,202208,292208.0,KG
10000101,1010,0001,202209,330137.0,KG
10000101,1010,0001,202210,346259.0,KG
10000101,1010,0001,202211,322592.0,KG
10000101,1010,0001,202212,384091.0,KG
10000101,1010,0001,202301,374835.0,KG
10000101,1010,0001,202302,348031.0,KG
10000101,1010,0001,202303,412921.0,KG
10000101,1010,0001,202304,452499.0,KG
10000101,1010,0001,202305,449171.0,KG
10000101,1010,0001,202306,515647.0,KG
10000101,1010,0001,202307,535255.0,KG
10000101,1010,0001,202308,537863.0,KG
10000101,1010,0001,202309,526376.0,KG
10000101,1010,0001,202310,554707.0,KG
10000101,1010,0001,202311,604516.0,KG
10000101,1010,0001,202312,643596.0,KG
10000101,1010,0001,202401,648795.0,KG
10000101,1010,0001,202402,635014.0,KG
10000101,1010,0001,202403,650874.0,KG
10000101,1010,0001,202404,684295.0,KG
10000101,1010,0001,202405,710074.0,KG
10000101,1010,0001,202406,762136.0,KG
10000101,1010,0001,202407,785433.0,KG
10000101,1010,0001,202408,813456.0,KG
10000101,1010,0001,202409,835320.0,KG
10000101,1010,0001,202410,821311.0,KG
10000101,1010,0001,202411,804162.0,KG
10000101,1010,0001,202412,825915.0,KG
10000101,1010,0001,202501,852370.0,KG
10000101,1010,0001,202502,861949.0,KG
10000101,1010,0001,202503,853738.0,KG
10000101,1010,0001,202504,841546.0,KG
10000101,1010,0001,202505,830736.0,KG
10000101,1010,0001,202506,877859.0,KG
10000101,1010,0001,202507,860472.0,KG
10000101,1010,0001,202508,918672.0,KG
10000101,1010,0001,202509,914228.0,KG
10000101,1010,0001,202510,920126.0,KG
10000101,1010,0001,202511,912744.0,KG
10000101,1010,0001,202512,955294.0,KG
10000101,1010,0001,202601,973835.0,KG
10000101,1010,0001,202602,1020033.0,KG
10000101,1010,0001,202603,1065694.0,KG
10000101,1010,0001,202604,1095009.0,KG
10000101,1010,0001,202605,1139515.0,KG
10000101,1010,0001,202606,1174642.0,KG
10000101,1010,0001,202607,1164648.0,KG
10000101,1010,0001,202608,1192744.0,KG
10000101,1010,0001,202609,1241589.0,KG
10000102,1010,0001,202201,19125.0,KG
10000102,1010,0001,202202,22987.0,KG
10000102,1010,0001,202203,24350.0,KG
10000102,1010,0001,202204,24825.0,KG
10000102,1010,0001,202205,23143.0,KG
10000102,1010,0001,202206,23600.0,KG
10000102,1010,0001,202207,26695.0,KG
10000102,1010,0001,202208,25081.0,KG
10000102,1010,0001,202209,28863.0,KG
10000102,1010,0001,202210,31166.0,KG
10000102,1010,0001,202211,33597.0,KG
10000102,1010,0001,202212,37829.0,KG
10000102,1010,0001,202301,40053.0,KG
10000102,1010,0001,202302,38741.0,KG
10000102,1010,0001,202303,43412.0,KG
10000102,1010,0001,202304,47437.0,KG
10000102,1010,0001,202305,50687.0,KG
10000102,1010,0001,202306,49310.0,KG
10000102,1010,0001,202307,48731.0,KG
10000102,1010,0001,202308,50093.0,KG
10000102,1010,0001,202309,48822.0,KG
10000102,1010,0001,202310,51064.0,KG
10000102,1010,0001,202311,52953.0,KG
10000102,1010,0001,202312,54683.0,KG
10000102,1010,0001,202401,56393.0,KG
10000102,1010,0001,202402,54014.0,KG
10000102,1010,0001,202403,52271.0,KG
10000102,1010,0001,202404,51874.0,KG
10000102,1010,0001,202405,50457.0,KG
10000102,1010,0001,202406,52481.0,KG
10000102,1010,0001,202407,55140.0,KG
10000102,1010,0001,202408,58893.0,KG
10000102,1010,0001,202409,59446.0,KG
10000102,1010,0001,202410,59215.0,KG
10000102,1010,0001,202411,60938.0,KG
10000102,1010,0001,202412,63603.0,KG
10000102,1010,0001,202501,65571.0,KG
10000102,1010,0001,202502,67700.0,KG
10000102,1010,0001,202503,67146.0,KG
10000102,1010,0001,202504,69237.0,KG
10000102,1010,0001,202505,68560.0,KG
10000102,1010,0001,202506,68353.0,KG
10000102,1010,0001,202507,72712.0,KG
10000102,1010,0001,202508,73721.0,KG
10000102,1010,0001,202509,77731.0,KG
10000102,1010,0001,202510,81542.0,KG
10000102,1010,0001,202511,80285.0,KG
10000102,1010,0001,202512,78541.0,KG
10000102,1010,0001,202601,81635.0,KG
10000102,1010,0001,202602,84482.0,KG
10000102,1010,0001,202603,87490.0,KG
10000102,1010,0001,202604,89108.0,KG
10000102,1010,0001,202605,88308.0,KG
10000102,1010,0001,202606,90290.0,KG
10000102,1010,0001,202607,88028.0,KG
10000102,1010,0001,202608,86342.0,KG
10000102,1010,0001,202609,85822.0,KG
10000103,1010,0001,202201,40218.0,KG
10000103,1010,0001,202202,36895.0,KG
10000103,1010,0001,202203,35244.0,KG
10000103,1010,0001,202204,34459.0,KG
10000103,1010,0001,202205,39615.0,KG
10000103,1010,0001,202206,36113.0,KG
10000103,1010,0001,202207,29343.0,KG
10000103,1010,0001,202208,24060.0,KG
10000103,1010,0001,202209,21045.0,KG
10000103,1010,0001,202210,23177.0,KG
10000103,1010,0001,202211,25049.0,KG
10000103,1010,0001,202212,31224.0,KG
10000103,1010,0001,202301,42984.0,KG
10000103,1010,0001,202302,48732.0,KG
10000103,1010,0001,202303,57002.0,KG
10000103,1010,0001,202304,53430.0,KG
10000103,1010,0001,202305,61771.0,KG
10000103,1010,0001,202306,62626.0,KG
10000103,1010,0001,202307,76816.0,KG
10000103,1010,0001,202308,75038.0,KG
10000103,1010,0001,202309,78479.0,KG
10000103,1010,0001,202310,81111.0,KG
10000103,1010,0001,202311,90644.0,KG
10000103,1010,0001,202312,103416.0,KG
10000103,1010,0001,202401,104545.0,KG
10000103,1010,0001,202402,99304.0,KG
10000103,1010,0001,202403,106993.0,KG
10000103,1010,0001,202404,103110.0,KG
10000103,1010,0001,202405,101498.0,KG
10000103,1010,0001,202406,110391.0,KG
10000103,1010,0001,202407,120621.0,KG
10000103,1010,0001,202408,114803.0,KG
10000103,1010,0001,202409,109661.0,KG
10000103,1010,0001,202410,116541.0,KG
10000103,1010,0001,202411,114215.0,KG
10000103,1010,0001,202412,110471.0,KG
10000103,1010,0001,202501,120700.0,KG
10000103,1010,0001,202502,120896.0,KG
10000103,1010,0001,202503,126256.0,KG
10000103,1010,0001,202504,130933.0,KG
10000103,1010,0001,202505,133084.0,KG
10000103,1010,0001,202506,135215.0,KG
10000103,1010,0001,202507,137959.0,KG
10000103,1010,0001,202508,135752.0,KG
10000103,1010,0001,202509,137940.0,KG
10000103,1010,0001,202510,140559.0,KG
10000103,1010,0001,202511,142272.0,KG
10000103,1010,0001,202512,50002.0,KG
10000103,1010,0001,202601,50258.0,KG
10000103,1010,0001,202602,49844.0,KG
10000103,1010,0001,202603,53516.0,KG
10000103,1010,0001,202604,52070.0,KG
10000103,1010,0001,202605,55589.0,KG
10000103,1010,0001,202606,58530.0,KG
10000103,1010,0001,202607,59903.0,KG
10000103,1010,0001,202608,62403.0,KG
10000103,1010,0001,202609,66136.0,KG
10000104,1010,0001,202201,77268.0,KG
10000104,1010,0001,202202,75771.0,KG
10000104,1010,0001,202203,77647.0,KG
10000104,1010,0001,202204,78966.0,KG
10000104,1010,0001,202205,80564.0,KG
10000104,1010,0001,202206,83374.0,KG
10000104,1010,0001,202207,86608.0,KG
10000104,1010,0001,202208,89518.0,KG
10000104,1010,0001,202209,93550.0,KG
10000104,1010,0001,202210,91226.0,KG
10000104,1010,0001,202211,98541.0,KG
10000104,1010,0001,202212,95182.0,KG
10000104,1010,0001,202301,94874.0,KG
10000104,1010,0001,202302,96250.0,KG
10000104,1010,0001,202303,101184.0,KG
10000104,1010,0001,202304,101112.0,KG
10000104,1010,0001,202305,94746.0,KG
10000104,1010,0001,202306,102149.0,KG
10000104,1010,0001,202307,109399.0,KG
10000104,1010,0001,202308,115485.0,KG
10000104,1010,0001,202309,117682.0,KG
10000104,1010,0001,202310,121353.0,KG
10000104,1010,0001,202311,127168.0,KG
10000104,1010,0001,202312,130277.0,KG
10000104,1010,0001,202401,140691.0,KG
10000104,1010,0001,202402,145115.0,KG
10000104,1010,0001,202403,159577.0,KG
10000104,1010,0001,202404,158153.0,KG
10000104,1010,0001,202405,155799.0,KG
10000104,1010,0001,202406,158576.0,KG
10000104,1010,0001,202407,164046.0,KG
10000104,1010,0001,202408,157437.0,KG
10000104,1010,0001,202409,161243.0,KG
10000104,1010,0001,202410,158265.0,KG
10000104,1010,0001,202411,167461.0,KG
10000104,1010,0001,202412,171862.0,KG
10000104,1010,0001,202501,164459.0,KG
10000104,1010,0001,202502,188688.0,KG
10000104,1010,0001,202503,188623.0,KG
10000104,1010,0001,202504,213603.0,KG
10000104,1010,0001,202505,221360.0,KG
10000104,1010,0001,202506,221047.0,KG
10000104,1010,0001,202507,206585.0,KG
10000104,1010,0001,202508,219263.0,KG
10000104,1010,0001,202509,213411.0,KG
10000104,1010,0001,202510,238699.0,KG
10000104,1010,0001,202511,237616.0,KG
10000104,1010,0001,202512,264613.0,KG
10000104,1010,0001,202601,286642.0,KG
10000104,1010,0001,202602,308332.0,KG
10000104,1010,0001,202603,317778.0,KG
10000104,1010,0001,202604,309825.0,KG
10000104,1010,0001,202605,318313.0,KG
10000104,1010,0001,202606,320404.0,KG
10000104,1010,0001,202607,315917.0,KG
10000104,1010,0001,202608,339671.0,KG
10000104,1010,0001,202609,340022.0,KG
10000105,1010,0001,202201,37947.0,KG
10000105,1010,0001,202202,38874.0,KG
10000105,1010,0001,202203,41185.0,KG
10000105,1010,0001,202204,41751.0,KG
10000105,1010,0001,202205,42797.0,KG
10000105,1010,0001,202206,44337.0,KG
10000105,1010,0001,202207,46351.0,KG
10000105,1010,0001,202208,48029.0,KG
10000105,1010,0001,202209,49649.0,KG
10000105,1010,0001,202210,48144.0,KG
10000105,1010,0001,202211,46358.0,KG
10000105,1010,0001,202212,45654.0,KG
10000105,1010,0001,202301,46628.0,KG
10000105,1010,0001,202302,47217.0,KG
10000105,1010,0001,202303,46082.0,KG
10000105,1010,0001,202304,44842.0,KG
10000105,1010,0001,202305,42024.0,KG
10000105,1010,0001,202306,42397.0,KG
10000105,1010,0001,202307,47948.0,KG
10000105,1010,0001,202308,45858.0,KG
10000105,1010,0001,202309,45208.0,KG
10000105,1010,0001,202310,47959.0,KG
10000105,1010,0001,202311,47359.0,KG
10000105,1010,0001,202312,49088.0,KG
10000105,1010,0001,202401,47039.0,KG
10000105,1010,0001,202402,48118.0,KG
10000105,1010,0001,202403,47860.0,KG
10000105,1010,0001,202404,49709.0,KG
10000105,1010,0001,202405,47069.0,KG
10000105,1010,0001,202406,43888.0,KG
10000105,1010,0001,202407,42761.0,KG
10000105,1010,0001,202408,43358.0,KG
10000105,1010,0001,202409,44876.0,KG
10000105,1010,0001,202410,49276.0,KG
10000105,1010,0001,202411,58235.0,KG
10000105,1010,0001,202412,64676.0,KG
10000105,1010,0001,202501,70146.0,KG
10000105,1010,0001,202502,73114.0,KG
10000105,1010,0001,202503,74167.0,KG
10000105,1010,0001,202504,73727.0,KG
10000105,1010,0001,202505,83805.0,KG
10000105,1010,0001,202506,90964.0,KG
10000105,1010,0001,202507,99623.0,KG
10000105,1010,0001,202508,102414.0,KG
10000105,1010,0001,202509,117495.0,KG
10000105,1010,0001,202510,124807.0,KG
10000105,1010,0001,202511,127109.0,KG
10000105,1010,0001,202512,126880.0,KG
10000105,1010,0001,202601,141134.0,KG
10000105,1010,0001,202602,146313.0,KG
10000105,1010,0001,202603,159918.0,KG
10000105,1010,0001,202604,169410.0,KG
10000105,1010,0001,202605,173892.0,KG
10000105,1010,0001,202606,182909.0,KG
10000105,1010,0001,202607,187398.0,KG
10000105,1010,0001,202608,188181.0,KG
10000105,1010,0001,202609,192062.0,KG
10000106,1010,0001,202201,22353.0,KG
10000106,1010,0001,202202,23033.0,KG
10000106,1010,0001,202203,22189.0,KG
10000106,1010,0001,202204,25067.0,KG
10000106,1010,0001,202205,29035.0,KG
10000106,1010,0001,202206,29596.0,KG
10000106,1010,0001,202207,32573.0,KG
10000106,1010,0001,202208,30875.0,KG
10000106,1010,0001,202209,33600.0,KG
10000106,1010,0001,202210,37226.0,KG
10000106,1010,0001,202211,38726.0,KG
10000106,1010,0001,202212,41460.0,KG
10000106,1010,0001,202301,40658.0,KG
10000106,1010,0001,202302,44472.0,KG
10000106,1010,0001,202303,50282.0,KG
10000106,1010,0001,202304,54323.0,KG
10000106,1010,0001,202305,57475.0,KG
10000106,1010,0001,202306,57514.0,KG
10000106,1010,0001,202307,59578.0,KG
10000106,1010,0001,202308,61432.0,KG
10000106,1010,0001,202309,64545.0,KG
10000106,1010,0001,202310,63497.0,KG
10000106,1010,0001,202311,64590.0,KG
10000106,1010,0001,202312,69258.0,KG
10000106,1010,0001,202401,68869.0,KG
10000106,1010,0001,202402,67447.0,KG
10000106,1010,0001,202403,66095.0,KG
10000106,1010,0001,202404,65388.0,KG
10000106,1010,0001,202405,68225.0,KG
10000106,1010,0001,202406,71663.0,KG
10000106,1010,0001,202407,73373.0,KG
10000106,1010,0001,202408,77221.0,KG
10000106,1010,0001,202409,78747.0,KG
10000106,1010,0001,202410,80578.0,KG
10000106,1010,0001,202411,76995.0,KG
10000106,1010,0001,202412,78530.0,KG
10000106,1010,0001,202501,77083.0,KG
10000106,1010,0001,202502,80268.0,KG
10000106,1010,0001,202503,83210.0,KG
10000106,1010,0001,202504,85121.0,KG
10000106,1010,0001,202505,86802.0,KG
10000106,1010,0001,202506,89760.0,KG
10000106,1010,0001,202507,89356.0,KG
10000106,1010,0001,202508,91922.0,KG
10000106,1010,0001,202509,89296.0,KG
10000106,1010,0001,202510,91388.0,KG
10000106,1010,0001,202511,92765.0,KG
10000106,1010,0001,202512,94392.0,KG
10000106,1010,0001,202601,92127.0,KG
10000106,1010,0001,202602,97702.0,KG
10000106,1010,0001,202603,95521.0,KG
10000106,1010,0001,202604,99981.0,KG
10000106,1010,0001,202605,101294.0,KG
10000106,1010,0001,202606,103777.0,KG
10000106,1010,0001,202607,103650.0,KG
10000106,1010,0001,202608,104228.0,KG
10000106,1010,0001,202609,102409.0,KG
10000107,1010,0001,202201,17542.0,KG
10000107,1010,0001,202202,17214.0,KG
10000107,1010,0001,202203,18671.0,KG
10000107,1010,0001,202204,23859.0,KG
10000107,1010,0001,202205,24912.0,KG
10000107,1010,0001,202206,24713.0,KG
10000107,1010,0001,202207,28845.0,KG
10000107,1010,0001,202208,32356.0,KG
10000107,1010,0001,202209,33634.0,KG
10000107,1010,0001,202210,32588.0,KG
10000107,1010,0001,202211,35714.0,KG
10000107,1010,0001,202212,36887.0,KG
10000107,1010,0001,202301,39468.0,KG
10000107,1010,0001,202302,38951.0,KG
10000107,1010,0001,202303,40576.0,KG
10000107,1010,0001,202304,44171.0,KG
10000107,1010,0001,202305,48429.0,KG
10000107,1010,0001,202306,51374.0,KG
10000107,1010,0001,202307,53824.0,KG
10000107,1010,0001,202308,53621.0,KG
10000107,1010,0001,202309,53854.0,KG
10000107,1010,0001,202310,55967.0,KG
10000107,1010,0001,202311,59792.0,KG
10000107,1010,0001,202312,62715.0,KG
10000107,1010,0001,202401,61650.0,KG
10000107,1010,0001,202402,62015.0,KG
10000107,1010,0001,202403,59993.0,KG
10000107,1010,0001,202404,62039.0,KG
10000107,1010,0001,202405,62000.0,KG
10000107,1010,0001,202406,60644.0,KG
10000107,1010,0001,202407,59331.0,KG
10000107,1010,0001,202408,62748.0,KG
10000107,1010,0001,202409,64515.0,KG
10000107,1010,0001,202410,67121.0,KG
10000107,1010,0001,202411,69358.0,KG
10000107,1010,0001,202412,70188.0,KG
10000107,1010,0001,202501,68705.0,KG
10000107,1010,0001,202502,70097.0,KG
10000107,1010,0001,202503,70616.0,KG
10000107,1010,0001,202504,71629.0,KG
10000107,1010,0001,202505,74800.0,KG
10000107,1010,0001,202506,79908.0,KG
10000107,1010,0001,202507,81776.0,KG
10000107,1010,0001,202508,87796.0,KG
10000107,1010,0001,202509,86709.0,KG
10000107,1010,0001,202510,84842.0,KG
10000107,1010,0001,202511,85008.0,KG
10000107,1010,0001,202512,83974.0,KG
10000107,1010,0001,202601,86996.0,KG
10000107,1010,0001,202602,31678.0,KG
10000107,1010,0001,202603,35244.0,KG
10000107,1010,0001,202604,37678.0,KG
10000107,1010,0001,202605,40028.0,KG
10000107,1010,0001,202606,41312.0,KG
10000107,1010,0001,202607,43246.0,KG
10000107,1010,0001,202608,42629.0,KG
10000107,1010,0001,202609,39532.0,KG
10000108,1010,0001,202201,362.0,KG
10000108,1010,0001,202202,358.0,KG
10000108,1010,0001,202203,370.0,KG
10000108,1010,0001,202204,362.0,KG
10000108,1010,0001,202205,422.0,KG
10000108,1010,0001,202206,456.0,KG
10000108,1010,0001,202207,493.0,KG
10000108,1010,0001,202208,558.0,KG
10000108,1010,0001,202209,545.0,KG
10000108,1010,0001,202210,615.0,KG
10000108,1010,0001,202211,640.0,KG
10000108,1010,0001,202212,634.0,KG
10000108,1010,0001,202301,629.0,KG
10000108,1010,0001,202302,607.0,KG
10000108,1010,0001,202303,685.0,KG
10000108,1010,0001,202304,693.0,KG
10000108,1010,0001,202305,758.0,KG
10000108,1010,0001,202306,733.0,KG
10000108,1010,0001,202307,771.0,KG
10000108,1010,0001,202308,766.0,KG
10000108,1010,0001,202309,767.0,KG
10000108,1010,0001,202310,748.0,KG
10000108,1010,0001,202311,823.0,KG
10000108,1010,0001,202312,880.0,KG
10000108,1010,0001,202401,915.0,KG
10000108,1010,0001,202402,951.0,KG
10000108,1010,0001,202403,973.0,KG
10000108,1010,0001,202404,1026.0,KG
10000108,1010,0001,202405,1069.0,KG
10000108,1010,0001,202406,1064.0,KG
10000108,1010,0001,202407,1018.0,KG
10000108,1010,0001,202408,1073.0,KG
10000108,1010,0001,202409,1052.0,KG
10000108,1010,0001,202410,1083.0,KG
10000108,1010,0001,202411,1091.0,KG
10000108,1010,0001,202412,1142.0,KG
10000108,1010,0001,202501,1157.0,KG
10000108,1010,0001,202502,1190.0,KG
10000108,1010,0001,202503,1268.0,KG
10000108,1010,0001,202504,1247.0,KG
10000108,1010,0001,202505,1261.0,KG
10000108,1010,0001,202506,1340.0,KG
10000108,1010,0001,202507,1394.0,KG
10000108,1010,0001,202508,1380.0,KG
10000108,1010,0001,202509,1453.0,KG
10000108,1010,0001,202510,1422.0,KG
10000108,1010,0001,202511,1458.0,KG
10000108,1010,0001,202512,1525.0,KG
10000108,1010,0001,202601,1597.0,KG
10000108,1010,0001,202602,1637.0,KG
10000108,1010,0001,202603,1720.0,KG
10000108,1010,0001,202604,1760.0,KG
10000108,1010,0001,202605,1732.0,KG
10000108,1010,0001,202606,1731.0,KG
10000108,1010,0001,202607,1772.0,KG
10000108,1010,0001,202608,1834.0,KG
10000108,1010,0001,202609,1897.0,KG
10000201,1020,0001,202201,62036.0,KG
10000201,1020,0001,202202,57750.0,KG
10000201,1020,0001,202203,49557.0,KG
10000201,1020,0001,202204,49136.0,KG
10000201,1020,0001,202205,60062.0,KG
10000201,1020,0001,202206,68275.0,KG
10000201,1020,0001,202207,77540.0,KG
10000201,1020,0001,202208,94444.0,KG
10000201,1020,0001,202209,89138.0,KG
10000201,1020,0001,202210,98469.0,KG
10000201,1020,0001,202211,96229.0,KG
10000201,1020,0001,202212,95557.0,KG
10000201,1020,0001,202301,103501.0,KG
10000201,1020,0001,202302,103434.0,KG
10000201,1020,0001,202303,98970.0,KG
10000201,1020,0001,202304,106280.0,KG
10000201,1020,0001,202305,98334.0,KG
10000201,1020,0001,202306,99053.0,KG
10000201,1020,0001,202307,105010.0,KG
10000201,1020,0001,202308,106219.0,KG
10000201,1020,0001,202309,106741.0,KG
10000201,1020,0001,202310,115751.0,KG
10000201,1020,0001,202311,119227.0,KG
10000201,1020,0001,202312,118476.0,KG
10000201,1020,0001,202401,125480.0,KG
10000201,1020,0001,202402,122820.0,KG
10000201,1020,0001,202403,139829.0,KG
10000201,1020,0001,202404,136262.0,KG
10000201,1020,0001,202405,143717.0,KG
10000201,1020,0001,202406,137237.0,KG
10000201,1020,0001,202407,140064.0,KG
10000201,1020,0001,202408,150634.0,KG
10000201,1020,0001,202409,145853.0,KG
10000201,1020,0001,202410,147433.0,KG
10000201,1020,0001,202411,154382.0,KG
10000201,1020,0001,202412,152174.0,KG
10000201,1020,0001,202501,154222.0,KG
10000201,1020,0001,202502,160759.0,KG
10000201,1020,0001,202503,166991.0,KG
10000201,1020,0001,202504,164133.0,KG
10000201,1020,0001,202505,156609.0,KG
10000201,1020,0001,202506,150733.0,KG
10000201,1020,0001,202507,158437.0,KG
10000201,1020,0001,202508,153139.0,KG
10000201,1020,0001,202509,166665.0,KG
10000201,1020,0001,202510,161337.0,KG
10000201,1020,0001,202511,164728.0,KG
10000201,1020,0001,202512,161725.0,KG
10000201,1020,0001,202601,178637.0,KG
10000201,1020,0001,202602,186659.0,KG
10000201,1020,0001,202603,185657.0,KG
10000201,1020,0001,202604,195584.0,KG
10000201,1020,0001,202605,191062.0,KG
10000201,1020,0001,202606,203334.0,KG
10000201,1020,0001,202607,197077.0,KG
10000201,1020,0001,202608,203833.0,KG
10000201,1020,0001,202609,209969.0,KG
10000202,1020,0001,202201,32.0,KG
10000202,1020,0001,202202,38.0,KG
10000202,1020,0001,202203,35.0,KG
10000202,1020,0001,202204,35.0,KG
10000202,1020,0001,202205,37.0,KG
10000202,1020,0001,202206,35.0,KG
10000202,1020,0001,202207,35.0,KG
10000202,1020,0001,202208,43.0,KG
10000202,1020,0001,202209,48.0,KG
10000202,1020,0001,202210,51.0,KG
10000202,1020,0001,202211,58.0,KG
10000202,1020,0001,202212,58.0,KG
10000202,1020,0001,202301,63.0,KG
10000202,1020,0001,202302,62.0,KG
10000202,1020,0001,202303,64.0,KG
10000202,1020,0001,202304,61.0,KG
10000202,1020,0001,202305,64.0,KG
10000202,1020,0001,202306,70.0,KG
10000202,1020,0001,202307,72.0,KG
10000202,1020,0001,202308,79.0,KG
10000202,1020,0001,202309,79.0,KG
10000202,1020,0001,202310,78.0,KG
10000202,1020,0001,202311,82.0,KG
10000202,1020,0001,202312,82.0,KG
10000202,1020,0001,202401,80.0,KG
10000202,1020,0001,202402,79.0,KG
10000202,1020,0001,202403,76.0,KG
10000202,1020,0001,202404,84.0,KG
10000202,1020,0001,202405,88.0,KG
10000202,1020,0001,202406,87.0,KG
10000202,1020,0001,202407,87.0,KG
10000202,1020,0001,202408,88.0,KG
10000202,1020,0001,202409,93.0,KG
10000202,1020,0001,202410,92.0,KG
10000202,1020,0001,202411,95.0,KG
10000202,1020,0001,202412,93.0,KG
10000202,1020,0001,202501,95.0,KG
10000202,1020,0001,202502,96.0,KG
10000202,1020,0001,202503,99.0,KG
10000202,1020,0001,202504,97.0,KG
10000202,1020,0001,202505,96.0,KG
10000202,1020,0001,202506,96.0,KG
10000202,1020,0001,202507,99.0,KG
10000202,1020,0001,202508,102.0,KG
10000202,1020,0001,202509,106.0,KG
10000202,1020,0001,202510,105.0,KG
10000202,1020,0001,202511,106.0,KG
10000202,1020,0001,202512,108.0,KG
10000202,1020,0001,202601,107.0,KG
10000202,1020,0001,202602,108.0,KG
10000202,1020,0001,202603,112.0,KG
10000202,1020,0001,202604,113.0,KG
10000202,1020,0001,202605,117.0,KG
10000202,1020,0001,202606,118.0,KG
10000202,1020,0001,202607,125.0,KG
10000202,1020,0001,202608,131.0,KG
10000202,1020,0001,202609,136.0,KG
10000203,1020,0001,202201,1270.0,KG
10000203,1020,0001,202202,1368.0,KG
10000203,1020,0001,202203,1514.0,KG
10000203,1020,0001,202204,1428.0,KG
10000203,1020,0001,202205,1723.0,KG
10000203,1020,0001,202206,1653.0,KG
10000203,1020,0001,202207,1833.0,KG
10000203,1020,0001,202208,2135.0,KG
10000203,1020,0001,202209,2330.0,KG
10000203,1020,0001,202210,2521.0,KG
10000203,1020,0001,202211,2460.0,KG
10000203,1020,0001,202212,2442.0,KG
10000203,1020,0001,202301,2485.0,KG
10000203,1020,0001,202302,2568.0,KG
10000203,1020,0001,202303,2521.0,KG
10000203,1020,0001,202304,2484.0,KG
10000203,1020,0001,202305,2711.0,KG
10000203,1020,0001,202306,2961.0,KG
10000203,1020,0001,202307,2876.0,KG
10000203,1020,0001,202308,2922.0,KG
10000203,1020,0001,202309,2824.0,KG
10000203,1020,0001,202310,2843.0,KG
10000203,1020,0001,202311,2705.0,KG
10000203,1020,0001,202312,2617.0,KG
10000203,1020,0001,202401,2528.0,KG
10000203,1020,0001,202402,2741.0,KG
10000203,1020,0001,202403,2695.0,KG
10000203,1020,0001,202404,2722.0,KG
10000203,1020,0001,202405,2851.0,KG
10000203,1020,0001,202406,2924.0,KG
10000203,1020,0001,202407,2870.0,KG
10000203,1020,0001,202408,2830.0,KG
10000203,1020,0001,202409,2845.0,KG
10000203,1020,0001,202410,2891.0,KG
10000203,1020,0001,202411,2873.0,KG
10000203,1020,0001,202412,2799.0,KG
10000203,1020,0001,202501,2728.0,KG
10000203,1020,0001,202502,2808.0,KG
10000203,1020,0001,202503,2858.0,KG
10000203,1020,0001,202504,3036.0,KG
10000203,1020,0001,202505,3265.0,KG
10000203,1020,0001,202506,3291.0,KG
10000203,1020,0001,202507,3345.0,KG
10000203,1020,0001,202508,3259.0,KG
10000203,1020,0001,202509,3369.0,KG
10000203,1020,0001,202510,3523.0,KG
10000203,1020,0001,202511,3491.0,KG
10000203,1020,0001,202512,3396.0,KG
10000203,1020,0001,202601,3471.0,KG
10000203,1020,0001,202602,3595.0,KG
10000203,1020,0001,202603,3751.0,KG
10000203,1020,0001,202604,3650.0,KG
10000203,1020,0001,202605,3910.0,KG
10000203,1020,0001,202606,3900.0,KG
10000203,1020,0001,202607,4140.0,KG
10000203,1020,0001,202608,4349.0,KG
10000203,1020,0001,202609,4261.0,KG
10000204,1020,0001,202201,68298.0,KG
10000204,1020,0001,202202,85432.0,KG
10000204,1020,0001,202203,84759.0,KG
10000204,1020,0001,202204,98111.0,KG
10000204,1020,0001,202205,117721.0,KG
10000204,1020,0001,202206,135759.0,KG
10000204,1020,0001,202207,146680.0,KG
10000204,1020,0001,202208,149754.0,KG
10000204,1020,0001,202209,144181.0,KG
10000204,1020,0001,202210,138789.0,KG
10000204,1020,0001,202211,136559.0,KG
10000204,1020,0001,202212,138740.0,KG
10000204,1020,0001,202301,153831.0,KG
10000204,1020,0001,202302,162081.0,KG
10000204,1020,0001,202303,167329.0,KG
10000204,1020,0001,202304,176641.0,KG
10000204,1020,0001,202305,176932.0,KG
10000204,1020,0001,202306,174832.0,KG
10000204,1020,0001,202307,169177.0,KG
10000204,1020,0001,202308,170845.0,KG
10000204,1020,0001,202309,188640.0,KG
10000204,1020,0001,202310,200680.0,KG
10000204,1020,0001,202311,202571.0,KG
10000204,1020,0001,202312,219885.0,KG
10000204,1020,0001,202401,238636.0,KG
10000204,1020,0001,202402,234954.0,KG
10000204,1020,0001,202403,242376.0,KG
10000204,1020,0001,202404,249911.0,KG
10000204,1020,0001,202405,262491.0,KG
10000204,1020,0001,202406,257482.0,KG
10000204,1020,0001,202407,265933.0,KG
10000204,1020,0001,202408,282202.0,KG
10000204,1020,0001,202409,288128.0,KG
10000204,1020,0001,202410,283123.0,KG
10000204,1020,0001,202411,285390.0,KG
10000204,1020,0001,202412,300462.0,KG
10000204,1020,0001,202501,312315.0,KG
10000204,1020,0001,202502,321251.0,KG
10000204,1020,0001,202503,317143.0,KG
10000204,1020,0001,202504,318976.0,KG
10000204,1020,0001,202505,315040.0,KG
10000204,1020,0001,202506,328220.0,KG
10000204,1020,0001,202507,337895.0,KG
10000204,1020,0001,202508,337000.0,KG
10000204,1020,0001,202509,351080.0,KG
10000204,1020,0001,202510,364216.0,KG
10000204,1020,0001,202511,378339.0,KG
10000204,1020,0001,202512,379946.0,KG
10000204,1020,0001,202601,388946.0,KG
10000204,1020,0001,202602,397941.0,KG
10000204,1020,0001,202603,396941.0,KG
10000204,1020,0001,202604,397187.0,KG
10000204,1020,0001,202605,412272.0,KG
10000204,1020,0001,202606,423022.0,KG
10000204,1020,0001,202607,429218.0,KG
10000204,1020,0001,202608,433815.0,KG
10000204,1020,0001,202609,441887.0,KG
10000205,1020,0001,202201,28912.0,KG
10000205,1020,0001,202202,31204.0,KG
10000205,1020,0001,202203,34212.0,KG
10000205,1020,0001,202204,33986.0,KG
10000205,1020,0001,202205,36472.0,KG
10000205,1020,0001,202206,40659.0,KG
10000205,1020,0001,202207,45849.0,KG
10000205,1020,0001,202208,51003.0,KG
10000205,1020,0001,202209,54688.0,KG
10000205,1020,0001,202210,52371.0,KG
10000205,1020,0001,202211,49141.0,KG
10000205,1020,0001,202212,49682.0,KG
10000205,1020,0001,202301,52964.0,KG
10000205,1020,0001,202302,50499.0,KG
10000205,1020,0001,202303,50810.0,KG
10000205,1020,0001,202304,50529.0,KG
10000205,1020,0001,202305,52940.0,KG
10000205,1020,0001,202306,50300.0,KG
10000205,1020,0001,202307,48310.0,KG
10000205,1020,0001,202308,53037.0,KG
10000205,1020,0001,202309,55720.0,KG
10000205,1020,0001,202310,53757.0,KG
10000205,1020,0001,202311,62175.0,KG
10000205,1020,0001,202312,62172.0,KG
10000205,1020,0001,202401,60388.0,KG
10000205,1020,0001,202402,59157.0,KG
10000205,1020,0001,202403,59903.0,KG
10000205,1020,0001,202404,59745.0,KG
10000205,1020,0001,202405,62160.0,KG
10000205,1020,0001,202406,63770.0,KG
10000205,1020,0001,202407,66694.0,KG
10000205,1020,0001,202408,71887.0,KG
10000205,1020,0001,202409,68592.0,KG
10000205,1020,0001,202410,66337.0,KG
10000205,1020,0001,202411,68931.0,KG
10000205,1020,0001,202412,64078.0,KG
10000205,1020,0001,202501,69547.0,KG
10000205,1020,0001,202502,67734.0,KG
10000205,1020,0001,202503,69901.0,KG
10000205,1020,0001,202504,67066.0,KG
10000205,1020,0001,202505,67835.0,KG
10000205,1020,0001,202506,64184.0,KG
10000205,1020,0001,202507,63580.0,KG
10000205,1020,0001,202508,66261.0,KG
10000205,1020,0001,202509,67342.0,KG
10000205,1020,0001,202510,65470.0,KG
10000205,1020,0001,202511,72798.0,KG
10000205,1020,0001,202512,74863.0,KG
10000205,1020,0001,202601,77721.0,KG
10000205,1020,0001,202602,79979.0,KG
10000205,1020,0001,202603,80602.0,KG
10000205,1020,0001,202604,81717.0,KG
10000205,1020,0001,202605,90005.0,KG
10000205,1020,0001,202606,90211.0,KG
10000205,1020,0001,202607,93747.0,KG
10000205,1020,0001,202608,97510.0,KG
10000205,1020,0001,202609,94637.0,KG
10000206,1020,0001,202201,18349.0,KG
10000206,1020,0001,202202,18956.0,KG
10000206,1020,0001,202203,18890.0,KG
10000206,1020,0001,202204,17662.0,KG
10000206,1020,0001,202205,17835.0,KG
10000206,1020,0001,202206,23659.0,KG
10000206,1020,0001,202207,25137.0,KG
10000206,1020,0001,202208,23947.0,KG
10000206,1020,0001,202209,26337.0,KG
10000206,1020,0001,202210,27342.0,KG
10000206,1020,0001,202211,28725.0,KG
10000206,1020,0001,202212,29755.0,KG
10000206,1020,0001,202301,31622.0,KG
10000206,1020,0001,202302,30987.0,KG
10000206,1020,0001,202303,30796.0,KG
10000206,1020,0001,202304,28926.0,KG
10000206,1020,0001,202305,27932.0,KG
10000206,1020,0001,202306,26942.0,KG
10000206,1020,0001,202307,26421.0,KG
10000206,1020,0001,202308,30728.0,KG
10000206,1020,0001,202309,33108.0,KG
10000206,1020,0001,202310,38297.0,KG
10000206,1020,0001,202311,38299.0,KG
10000206,1020,0001,202312,35928.0,KG
10000206,1020,0001,202401,37290.0,KG
10000206,1020,0001,202402,41260.0,KG
10000206,1020,0001,202403,44840.0,KG
10000206,1020,0001,202404,44411.0,KG
10000206,1020,0001,202405,50360.0,KG
10000206,1020,0001,202406,51338.0,KG
10000206,1020,0001,202407,52490.0,KG
10000206,1020,0001,202408,52838.0,KG
10000206,1020,0001,202409,52414.0,KG
10000206,1020,0001,202410,53914.0,KG
10000206,1020,0001,202411,55050.0,KG
10000206,1020,0001,202412,58523.0,KG
10000206,1020,0001,202501,60490.0,KG
10000206,1020,0001,202502,62463.0,KG
10000206,1020,0001,202503,63252.0,KG
10000206,1020,0001,202504,67389.0,KG
10000206,1020,0001,202505,66707.0,KG
10000206,1020,0001,202506,66585.0,KG
10000206,1020,0001,202507,68209.0,KG
10000206,1020,0001,202508,70010.0,KG
10000206,1020,0001,202509,69382.0,KG
10000206,1020,0001,202510,68922.0,KG
10000206,1020,0001,202511,70018.0,KG
10000206,1020,0001,202512,70512.0,KG
10000206,1020,0001,202601,75112.0,KG
10000206,1020,0001,202602,77505.0,KG
10000206,1020,0001,202603,80682.0,KG
10000206,1020,0001,202604,80213.0,KG
10000206,1020,0001,202605,85146.0,KG
10000206,1020,0001,202606,84737.0,KG
10000206,1020,0001,202607,87462.0,KG
10000206,1020,0001,202608,88488.0,KG
10000206,1020,0001,202609,88507.0,KG
10000207,1020,0001,202201,42957.0,KG
10000207,1020,0001,202202,44539.0,KG
10000207,1020,0001,202203,44222.0,KG
10000207,1020,0001,202204,43380.0,KG
10000207,1020,0001,202205,49580.0,KG
10000207,1020,0001,202206,54012.0,KG
10000207,1020,0001,202207,56654.0,KG
10000207,1020,0001,202208,54150.0,KG
10000207,1020,0001,202209,52987.0,KG
10000207,1020,0001,202210,55457.0,KG
10000207,1020,0001,202211,58808.0,KG
10000207,1020,0001,202212,62064.0,KG
10000207,1020,0001,202301,58454.0,KG
10000207,1020,0001,202302,62297.0,KG
10000207,1020,0001,202303,65332.0,KG
10000207,1020,0001,202304,72588.0,KG
10000207,1020,0001,202305,77279.0,KG
10000207,1020,0001,202306,86978.0,KG
10000207,1020,0001,202307,89039.0,KG
10000207,1020,0001,202308,101608.0,KG
10000207,1020,0001,202309,107090.0,KG
10000207,1020,0001,202310,116234.0,KG
10000207,1020,0001,202311,121439.0,KG
10000207,1020,0001,202312,131583.0,KG
10000207,1020,0001,202401,136734.0,KG
10000207,1020,0001,202402,132131.0,KG
10000207,1020,0001,202403,130384.0,KG
10000207,1020,0001,202404,134300.0,KG
10000207,1020,0001,202405,144678.0,KG
10000207,1020,0001,202406,147180.0,KG
10000207,1020,0001,202407,145013.0,KG
10000207,1020,0001,202408,144744.0,KG
10000207,1020,0001,202409,142606.0,KG
10000207,1020,0001,202410,140751.0,KG
10000207,1020,0001,202411,145570.0,KG
10000207,1020,0001,202412,142504.0,KG
10000207,1020,0001,202501,144933.0,KG
10000207,1020,0001,202502,148337.0,KG
10000207,1020,0001,202503,147689.0,KG
10000207,1020,0001,202504,152757.0,KG
10000207,1020,0001,202505,157815.0,KG
10000207,1020,0001,202506,163155.0,KG
10000207,1020,0001,202507,169429.0,KG
10000207,1020,0001,202508,170164.0,KG
10000207,1020,0001,202509,179779.0,KG
10000207,1020,0001,202510,183839.0,KG
10000207,1020,0001,202511,188179.0,KG
10000207,1020,0001,202512,192029.0,KG
10000207,1020,0001,202601,194675.0,KG
10000207,1020,0001,202602,200077.0,KG
10000207,1020,0001,202603,200471.0,KG
10000207,1020,0001,202604,199039.0,KG
10000207,1020,0001,202605,195972.0,KG
10000207,1020,0001,202606,194687.0,KG
10000207,1020,0001,202607,194644.0,KG
10000207,1020,0001,202608,190243.0,KG
10000207,1020,0001,202609,189235.0,KG
10000208,1020,0001,202201,107.0,KG
10000208,1020,0001,202202,116.0,KG
10000208,1020,0001,202203,120.0,KG
10000208,1020,0001,202204,151.0,KG
10000208,1020,0001,202205,149.0,KG
10000208,1020,0001,202206,163.0,KG
10000208,1020,0001,202207,159.0,KG
10000208,1020,0001,202208,153.0,KG
10000208,1020,0001,202209,172.0,KG
10000208,1020,0001,202210,176.0,KG
10000208,1020,0001,202211,176.0,KG
10000208,1020,0001,202212,180.0,KG
10000208,1020,0001,202301,192.0,KG
10000208,1020,0001,202302,205.0,KG
10000208,1020,0001,202303,228.0,KG
10000208,1020,0001,202304,224.0,KG
10000208,1020,0001,202305,221.0,KG
10000208,1020,0001,202306,231.0,KG
10000208,1020,0001,202307,243.0,KG
10000208,1020,0001,202308,244.0,KG
10000208,1020,0001,202309,262.0,KG
10000208,1020,0001,202310,259.0,KG
10000208,1020,0001,202311,259.0,KG
10000208,1020,0001,202312,288.0,KG
10000208,1020,0001,202401,293.0,KG
10000208,1020,0001,202402,302.0,KG
10000208,1020,0001,202403,311.0,KG
10000208,1020,0001,202404,321.0,KG
10000208,1020,0001,202405,371.0,KG
10000208,1020,0001,202406,367.0,KG
10000208,1020,0001,202407,360.0,KG
10000208,1020,0001,202408,356.0,KG
10000208,1020,0001,202409,388.0,KG
10000208,1020,0001,202410,377.0,KG
10000208,1020,0001,202411,382.0,KG
10000208,1020,0001,202412,399.0,KG
10000208,1020,0001,202501,410.0,KG
10000208,1020,0001,202502,407.0,KG
10000208,1020,0001,202503,399.0,KG
10000208,1020,0001,202504,405.0,KG
10000208,1020,0001,202505,419.0,KG
10000208,1020,0001,202506,413.0,KG
10000208,1020,0001,202507,406.0,KG
10000208,1020,0001,202508,413.0,KG
10000208,1020,0001,202509,400.0,KG
10000208,1020,0001,202510,392.0,KG
10000208,1020,0001,202511,388.0,KG
10000208,1020,0001,202512,410.0,KG
10000208,1020,0001,202601,412.0,KG
10000208,1020,0001,202602,433.0,KG
10000208,1020,0001,202603,423.0,KG
10000208,1020,0001,202604,437.0,KG
10000208,1020,0001,202605,435.0,KG
10000208,1020,0001,202606,432.0,KG
10000208,1020,0001,202607,435.0,KG
10000208,1020,0001,202608,456.0,KG
10000208,1020,0001,202609,460.0,KG
10000209,1020,0001,202201,40626.0,KG
10000209,1020,0001,202202,36994.0,KG
10000209,1020,0001,202203,37239.0,KG
10000209,1020,0001,202204,47981.0,KG
10000209,1020,0001,202205,44236.0,KG
10000209,1020,0001,202206,41651.0,KG
10000209,1020,0001,202207,49186.0,KG
10000209,1020,0001,202208,55250.0,KG
10000209,1020,0001,202209,66406.0,KG
10000209,1020,0001,202210,64054.0,KG
10000209,1020,0001,202211,65547.0,KG
10000209,1020,0001,202212,76209.0,KG
10000209,1020,0001,202301,81799.0,KG
10000209,1020,0001,202302,82839.0,KG
10000209,1020,0001,202303,79571.0,KG
10000209,1020,0001,202304,75184.0,KG
10000209,1020,0001,202305,71863.0,KG
10000209,1020,0001,202306,65985.0,KG
10000209,1020,0001,202307,69675.0,KG
10000209,1020,0001,202308,68319.0,KG
10000209,1020,0001,202309,71737.0,KG
10000209,1020,0001,202310,70055.0,KG
10000209,1020,0001,202311,69305.0,KG
10000209,1020,0001,202312,73896.0,KG
10000209,1020,0001,202401,70723.0,KG
10000209,1020,0001,202402,73043.0,KG
10000209,1020,0001,202403,66358.0,KG
10000209,1020,0001,202404,72930.0,KG
10000209,1020,0001,202405,77499.0,KG
10000209,1020,0001,202406,83594.0,KG
10000209,1020,0001,202407,76560.0,KG
10000209,1020,0001,202408,82161.0,KG
10000209,1020,0001,202409,91652.0,KG
10000209,1020,0001,202410,87904.0,KG
10000209,1020,0001,202411,94005.0,KG
10000209,1020,0001,202412,93453.0,KG
10000209,1020,0001,202501,101005.0,KG
10000209,1020,0001,202502,103967.0,KG
10000209,1020,0001,202503,114626.0,KG
10000209,1020,0001,202504,118635.0,KG
10000209,1020,0001,202505,126043.0,KG
10000209,1020,0001,202506,121275.0,KG
10000209,1020,0001,202507,130605.0,KG
10000209,1020,0001,202508,132767.0,KG
10000209,1020,0001,202509,141746.0,KG
10000209,1020,0001,202510,149398.0,KG
10000209,1020,0001,202511,145541.0,KG
10000209,1020,0001,202512,142150.0,KG
10000209,1020,0001,202601,151863.0,KG
10000209,1020,0001,202602,154492.0,KG
10000209,1020,0001,202603,153635.0,KG
10000209,1020,0001,202604,156371.0,KG
10000209,1020,0001,202605,163306.0,KG
10000209,1020,0001,202606,166579.0,KG
10000209,1020,0001,202607,169770.0,KG
10000209,1020,0001,202608,171201.0,KG
10000209,1020,0001,202609,179429.0,KG
10000210,1020,0001,202201,81976.0,KG
10000210,1020,0001,202202,81432.0,KG
10000210,1020,0001,202203,93865.0,KG
10000210,1020,0001,202204,100596.0,KG
10000210,1020,0001,202205,97057.0,KG
10000210,1020,0001,202206,105200.0,KG
10000210,1020,0001,202207,117048.0,KG
10000210,1020,0001,202208,127072.0,KG
10000210,1020,0001,202209,131577.0,KG
10000210,1020,0001,202210,131341.0,KG
10000210,1020,0001,202211,128325.0,KG
10000210,1020,0001,202212,133161.0,KG
10000210,1020,0001,202301,143672.0,KG
10000210,1020,0001,202302,143278.0,KG
10000210,1020,0001,202303,142056.0,KG
10000210,1020,0001,202304,150173.0,KG
10000210,1020,0001,202305,148316.0,KG
10000210,1020,0001,202306,154837.0,KG
10000210,1020,0001,202307,164481.0,KG
10000210,1020,0001,202308,167854.0,KG
10000210,1020,0001,202309,184218.0,KG
10000210,1020,0001,202310,181880.0,KG
10000210,1020,0001,202311,182737.0,KG
10000210,1020,0001,202312,184606.0,KG
10000210,1020,0001,202401,186478.0,KG
10000210,1020,0001,202402,190475.0,KG
10000210,1020,0001,202403,199952.0,KG
10000210,1020,0001,202404,206536.0,KG
10000210,1020,0001,202405,200960.0,KG
10000210,1020,0001,202406,207244.0,KG
10000210,1020,0001,202407,204091.0,KG
10000210,1020,0001,202408,209708.0,KG
10000210,1020,0001,202409,208358.0,KG
10000210,1020,0001,202410,217285.0,KG
10000210,1020,0001,202411,218027.0,KG
10000210,1020,0001,202412,215190.0,KG
10000210,1020,0001,202501,215050.0,KG
10000210,1020,0001,202502,209544.0,KG
10000210,1020,0001,202503,215934.0,KG
10000210,1020,0001,202504,220662.0,KG
10000210,1020,0001,202505,212691.0,KG
10000210,1020,0001,202506,224754.0,KG
10000210,1020,0001,202507,235702.0,KG
10000210,1020,0001,202508,235359.0,KG
10000210,1020,0001,202509,247169.0,KG
10000210,1020,0001,202510,248649.0,KG
10000210,1020,0001,202511,247926.0,KG
10000210,1020,0001,202512,251969.0,KG
10000210,1020,0001,202601,256424.0,KG
10000210,1020,0001,202602,262812.0,KG
10000210,1020,0001,202603,255826.0,KG
10000210,1020,0001,202604,250885.0,KG
10000210,1020,0001,202605,262778.0,KG
10000210,1020,0001,202606,271169.0,KG
10000210,1020,0001,202607,279856.0,KG
10000210,1020,0001,202608,280773.0,KG
10000210,1020,0001,202609,274369.0,KG
10000109,1010,0001,202201,632.0,KG
10000109,1010,0001,202202,791.0,KG
10000109,1010,0001,202203,968.0,KG
10000109,1010,0001,202204,1174.0,KG
10000109,1010,0001,202205,1299.0,KG
10000109,1010,0001,202206,1411.0,KG
10000109,1010,0001,202207,1428.0,KG
10000109,1010,0001,202208,1467.0,KG
10000109,1010,0001,202209,1596.0,KG
10000109,1010,0001,202210,1658.0,KG
10000109,1010,0001,202211,1778.0,KG
10000109,1010,0001,202212,1908.0,KG
10000109,1010,0001,202301,2118.0,KG
10000109,1010,0001,202302,2267.0,KG
10000109,1010,0001,202303,2505.0,KG
10000109,1010,0001,202304,2515.0,KG
10000109,1010,0001,202305,2694.0,KG
10000109,1010,0001,202306,2989.0,KG
10000109,1010,0001,202307,3101.0,KG
10000109,1010,0001,202308,3118.0,KG
10000109,1010,0001,202309,3144.0,KG
10000109,1010,0001,202310,3378.0,KG
10000109,1010,0001,202311,3553.0,KG
10000109,1010,0001,202312,3611.0,KG
10000109,1010,0001,202401,3868.0,KG
10000109,1010,0001,202402,3888.0,KG
10000109,1010,0001,202403,3935.0,KG
10000109,1010,0001,202404,3940.0,KG
10000109,1010,0001,202405,4158.0,KG
10000109,1010,0001,202406,4278.0,KG
10000109,1010,0001,202407,4353.0,KG
10000109,1010,0001,202408,4412.0,KG
10000109,1010,0001,202409,1724.0,KG
10000109,1010,0001,202410,1741.0,KG
10000109,1010,0001,202411,2014.0,KG
10000109,1010,0001,202412,2115.0,KG
10000109,1010,0001,202501,2275.0,KG
10000109,1010,0001,202502,2329.0,KG
10000109,1010,0001,202503,2416.0,KG
10000109,1010,0001,202504,2694.0,KG
10000109,1010,0001,202505,3001.0,KG
10000109,1010,0001,202506,3258.0,KG
10000109,1010,0001,202507,3566.0,KG
10000109,1010,0001,202508,3658.0,KG
10000109,1010,0001,202509,3662.0,KG
10000109,1010,0001,202510,3732.0,KG
10000109,1010,0001,202511,3946.0,KG
10000109,1010,0001,202512,4079.0,KG
10000109,1010,0001,202601,4120.0,KG
10000109,1010,0001,202602,4332.0,KG
10000109,1010,0001,202603,4387.0,KG
10000109,1010,0001,202604,4577.0,KG
10000109,1010,0001,202605,4704.0,KG
10000109,1010,0001,202606,4804.0,KG
10000109,1010,0001,202607,5116.0,KG
10000109,1010,0001,202608,5299.0,KG
10000109,1010,0001,202609,5414.0,KG
