Supplier_Id,Supplier_Name,Country_Code,City,Country
2000101,Texan Olefins Supply LP,US,Houston,United States
2000102,Coastal Hydrogen Partners LLC,US,Pasadena,United States
2000103,Meridian Aromatics Corp.,US,Decatur,United States
2000104,Northshore Alcohols B.V.,NL,Rotterdam,Netherlands
2000105,Keystone Diacids Inc.,US,Pensacola,United States
2000106,Catalyst Specialties GmbH,DE,Leverkusen,Germany
2000107,Gulf Acrylics LLC,US,Clear Lake,United States
2000108,Bayou Sulphur Co.,US,Baton Rouge,United States
2000109,Prairie Acetyls Corp.,US,Texas City,United States
2000110,Heartland Ethanol Marketing LLC,US,Omaha,United States
2000111,Sabine Methanol LP,US,Beaumont,United States
2000112,Lakeside Oxides Inc.,US,Freeport,United States
2000113,Gulf Coast Oxo Alcohols LLC,US,Port Arthur,United States
2000114,Rheinland Alkohole GmbH,DE,Marl,Germany
2000115,Summit Solvents Distribution Inc.,US,Houston,United States
2000116,Atlas Glycols Trading LLC,US,Lake Jackson,United States
2000117,Pioneer Polyols Corp.,US,Bishop,United States
2000118,Cascade Monomers Ltd.,CA,Sarnia,Canada
2000119,Heartland Soy Derivatives LLC,US,Decatur,United States
