Material_Id,Material_Name,Material_Type,Material_Type_Name,Material_Group,Home_Plant,CAS_No,CAS_Raw,GHS_Signal_Word,Scenario_Role,Created_On,Created_By,Short_Name,Product_Group,Same_CAS_As
30000101,DOTP PLASTICIZER (BIS(2-ETHYLHEXYL) TEREPHTHALATE),FERT,Finished good (made),PLAST,1010,6422-86-2,6422-86-2,Not recorded,A - priority product (DOTP),2018-05-03,JSMITH,DOTP,Plasticizers,
30000102,DINP PLASTICIZER (DIISONONYL PHTHALATE),FERT,Finished good (made),PLAST,1010,28553-12-0,28553-12-0,Danger,B - offset product (DINP),2020-08-19,AGARCIA,DINP,Plasticizers,
30000103,DOA PLASTICIZER (BIS(2-ETHYLHEXYL) ADIPATE),FERT,Finished good (made),PLAST,1010,103-23-1,103-23-1,Danger,,2016-02-03,AGARCIA,DOA,Plasticizers,
30000104,TOTM PLASTICIZER (TRIS(2-ETHYLHEXYL) TRIMELLITATE),FERT,Finished good (made),PLAST,1010,3319-31-1,3319-31-1,Warning,,2015-02-18,JSMITH,TOTM,Plasticizers,
30000201,2-ETHYLHEXANOL,FERT,Finished good (made),OXOALC,1010,104-76-7,104-76-7,Not recorded,C - made in-house (2-EH),2018-10-07,PLANT1020_MM,2-EH,Oxo alcohols,10000209
30000202,N-BUTANOL,FERT,Finished good (made),OXOALC,1010,71-36-3,71-36-3,Not recorded,,2014-07-03,AGARCIA,n-Butanol,Oxo alcohols,10000210
30000203,ISOBUTANOL,FERT,Finished good (made),OXOALC,1010,78-83-1,78-83-1,Danger,,2020-12-31,MDM_BATCH,Isobutanol,Oxo alcohols,
30000204,2-ETHYLHEXANOIC ACID,FERT,Finished good (made),OXOALC,1010,149-57-5,149-57-5,Not recorded,,2015-10-15,PLANT1020_MM,2-EH Acid,Oxo alcohols,
30000301,2-ETHYLHEXYL ACRYLATE,FERT,Finished good (made),ACRYL,1020,103-11-7,103-11-7,Warning,D - product that uses C (2-EH acrylate),2018-07-21,AGARCIA,2-EH Acrylate,Acrylates,
30000302,N-BUTYL ACRYLATE,FERT,Finished good (made),ACRYL,1020,141-32-2,141-32-2,Danger,,2014-05-12,AGARCIA,Butyl Acrylate,Acrylates,
30000401,N-BUTYL ACETATE,FERT,Finished good (made),SOLV,1020,123-86-4,123-86-4,Warning,,2019-07-23,PLANT1020_MM,Butyl Acetate,Solvents,
30000402,ETHYL ACETATE,FERT,Finished good (made),SOLV,1020,141-78-6,141-78-6,Not recorded,,2017-05-28,JSMITH,Ethyl Acetate,Solvents,
30000403,PROPYLENE GLYCOL METHYL ETHER (PM),FERT,Finished good (made),SOLV,1020,107-98-2,107-98-2,Warning,,2015-01-04,JSMITH,PM,Solvents,10000109
30000404,DIPROPYLENE GLYCOL METHYL ETHER (DPM),FERT,Finished good (made),SOLV,1020,34590-94-8,34590-94-8,Not recorded,,2016-02-05,PLANT1020_MM,DPM,Solvents,
30000405,PROPYLENE GLYCOL METHYL ETHER ACETATE (PMA),FERT,Finished good (made),SOLV,1020,108-65-6,108-65-6,Danger,,2020-01-03,MDM_BATCH,PMA,Solvents,
20000101,N-BUTANAL (BUTYRALDEHYDE) INTERMEDIATE,HALB,Intermediate (made),OXOINT,1010,123-72-8,123-72-8,Not recorded,,2020-07-14,JSMITH,n-Butanal,Intermediates,
40000101,MONOETHYLENE GLYCOL,HAWA,Traded good (bought for resale),GLYCOL,1020,107-21-1,107-21-1,Not recorded,,2017-08-25,JSMITH,Monoethylene Glycol,Glycols,
40000102,DIETHYLENE GLYCOL,HAWA,Traded good (bought for resale),GLYCOL,1020,111-46-6,111-46-6,Not recorded,,2020-01-19,AGARCIA,Diethylene Glycol,Glycols,
40000103,TRIETHYLENE GLYCOL,HAWA,Traded good (bought for resale),GLYCOL,1020,,,Not recorded,,2015-11-09,PLANT1020_MM,Triethylene Glycol,Glycols,
40000104,MONOPROPYLENE GLYCOL USP,HAWA,Traded good (bought for resale),GLYCOL,1020,57-55-6,57-55-6,Danger,,2016-12-14,AGARCIA,Monopropylene Glycol Usp,Glycols,
40000105,NEOPENTYL GLYCOL FLAKES,HAWA,Traded good (bought for resale),POLYOL,1020,126-30-7,126-30-7,Not recorded,,2016-04-03,MDM_BATCH,Neopentyl Glycol Flakes,Polyols,
40000106,TRIMETHYLOLPROPANE,HAWA,Traded good (bought for resale),POLYOL,1020,77-99-6,77-99-6,Danger,,2014-12-23,AGARCIA,Trimethylolpropane,Polyols,
40000107,METHYL METHACRYLATE,HAWA,Traded good (bought for resale),ACRYL,1020,80-62-6,CAS 80-62-6,Warning,,2014-05-14,LCHEN,Methyl Methacrylate,Acrylates,
40000108,ACETONE,HAWA,Traded good (bought for resale),SOLV,1020,67-64-1,67-64-1,Danger,,2016-01-25,AGARCIA,Acetone,Solvents,
40000109,METHYL ETHYL KETONE,HAWA,Traded good (bought for resale),SOLV,1020,78-93-3,78-93-3,Not recorded,,2020-01-10,AGARCIA,Methyl Ethyl Ketone,Solvents,
40000110,ISOPROPYL ALCOHOL,HAWA,Traded good (bought for resale),SOLV,1020,67-63-0,67-63-0,Danger,,2016-10-03,AGARCIA,Isopropyl Alcohol,Solvents,
40000111,EPOXIDIZED SOYBEAN OIL,HAWA,Traded good (bought for resale),PLAST,1020,,,Not recorded,,2014-11-23,LCHEN,Epoxidized Soybean Oil,Plasticizers,
10000101,PROPYLENE POLYMER GRADE,ROH,Raw material (bought),FEED,1010,115-07-1,115-07-1,Not recorded,,2019-01-18,AGARCIA,Propylene Polymer Grade,Feedstocks,
10000102,HYDROGEN,ROH,Raw material (bought),FEED,1010,1333-74-0,1333-74-0,Danger,,2017-04-09,AGARCIA,Hydrogen,Feedstocks,
10000103,TEREPHTHALIC ACID PURIFIED,ROH,Raw material (bought),FEED,1010,100-21-0,100-21-0,Danger,,2017-11-11,AGARCIA,Terephthalic Acid Purified,Feedstocks,
10000104,ISONONANOL,ROH,Raw material (bought),FEED,1010,27458-94-2,27458-94-2,Danger,,2014-11-27,LCHEN,Isononanol,Feedstocks,
10000105,PHTHALIC ANHYDRIDE,ROH,Raw material (bought),FEED,1010,85-44-9,85-44-9,Not recorded,,2014-07-02,LCHEN,Phthalic Anhydride,Feedstocks,
10000106,ADIPIC ACID,ROH,Raw material (bought),FEED,1010,124-04-9,124-04-9,Not recorded,,2016-10-27,LCHEN,Adipic Acid,Feedstocks,
10000107,TRIMELLITIC ANHYDRIDE,ROH,Raw material (bought),FEED,1010,552-30-7,552-30-7,Danger,,2019-08-23,LCHEN,Trimellitic Anhydride,Feedstocks,
10000108,TETRAISOPROPYL TITANATE CATALYST,ROH,Raw material (bought),CATAL,1010,546-68-9,546-68-9,Not recorded,,2018-02-23,LCHEN,Tetraisopropyl Titanate Catalyst,Catalysts,
10000201,ACRYLIC ACID GLACIAL,ROH,Raw material (bought),FEED,1020,79-10-7,79-10-7,Danger,,2019-12-14,PLANT1020_MM,Acrylic Acid Glacial,Feedstocks,
10000202,MEHQ INHIBITOR (4-METHOXYPHENOL),ROH,Raw material (bought),ADDIT,1020,150-76-5,150-76-5,Warning,,2014-09-07,LCHEN,Mehq Inhibitor (4-Methoxyphenol),Additives,
10000203,SULFURIC ACID 98%,ROH,Raw material (bought),CATAL,1020,7664-93-9,7664-93-9,Not recorded,,2018-06-10,PLANT1020_MM,Sulfuric Acid 98%,Catalysts,
10000204,ACETIC ACID GLACIAL,ROH,Raw material (bought),FEED,1020,64-19-7,64-19-7,Not recorded,,2016-01-04,LCHEN,Acetic Acid Glacial,Feedstocks,
10000205,ETHANOL ANHYDROUS,ROH,Raw material (bought),FEED,1020,64-17-5,64-17-5,Not recorded,,2016-10-09,JSMITH,Ethanol Anhydrous,Feedstocks,
10000206,METHANOL,ROH,Raw material (bought),FEED,1020,67-56-1,67-56-1,Not recorded,,2017-12-17,JSMITH,Methanol,Feedstocks,
10000207,PROPYLENE OXIDE,ROH,Raw material (bought),FEED,1020,75-56-9,75-56-9,Danger,,2019-09-26,AGARCIA,Propylene Oxide,Feedstocks,
10000208,SODIUM HYDROXIDE 50% SOLUTION,ROH,Raw material (bought),CATAL,1020,1310-73-2,1310-73-2,Warning,,2017-06-20,AGARCIA,Sodium Hydroxide 50% Solution,Catalysts,
10000209,OCTANOL 2-ETHYL TECH GRADE,ROH,Raw material (bought),FEED,1020,104-76-7,104767,Not recorded,C - bought from outside (2-EH),2021-06-14,PLANT1020_MM,Octanol 2-Ethyl Tech Grade,Feedstocks,30000201
10000210,BUTAN-1-OL,ROH,Raw material (bought),FEED,1020,71-36-3, 71-36-3 ,Danger,,2021-09-02,PLANT1020_MM,Butan-1-Ol,Feedstocks,30000202
10000109,CLEANING SOLVENT - GLYCOL ETHER,ROH,Raw material (bought),MRO,1010,107-98-2,107-98-2 (mixture),Danger,,2022-01-19,MAINT1010,Cleaning Solvent - Glycol Ether,Maintenance supplies,30000403
