Customer_Id,First_Order_Date,Last_Order_Date,Orders,Median_Reorder_Gap_days,Recent_Reorder_Gap_days,Days_Since_Last_Order,Overdue_Ratio,Status,Annual_Revenue_USD,Revenue_at_Risk_USD,Lapsed_In_Last_12m,Lost_Revenue_USD,Plasticizer_Profile,B_Share_First_12m,B_Share_Last_12m,Call_First,Revenue_Exposure_USD
1000100,2022-01-10,2026-09-26,103,16.0,14.0,4,0.25,Active,2586817.54,0.0,False,0.0,Switched A to B,0.169,0.88,False,0.0
1000107,2022-01-08,2026-09-10,39,44.0,44.0,20,0.45,Active,144172.61,0.0,False,0.0,Loyal to A,0.0,0.0,False,0.0
1000114,2022-04-12,2026-09-21,102,16.0,18.0,9,0.56,Active,2746097.17,0.0,False,0.0,Switched A to B,0.058,0.783,False,0.0
1000121,2022-07-31,2026-09-28,105,14.5,13.0,2,0.14,Active,2644001.71,0.0,False,0.0,Loyal to B,0.938,1.0,False,0.0
1000128,2022-02-25,2026-09-15,27,65.0,77.0,15,0.23,Active,99494.63,0.0,False,0.0,No plasticizer,,,False,0.0
1000135,2022-01-24,2026-09-01,30,58.0,61.0,29,0.5,Active,149906.02,0.0,False,0.0,No plasticizer,,,False,0.0
1000142,2022-01-03,2026-09-24,161,11.0,8.0,6,0.55,Active,3692032.41,0.0,False,0.0,Switched A to B,0.218,0.94,False,0.0
1000149,2023-10-24,2026-09-29,69,16.0,18.0,1,0.06,Active,1487248.36,0.0,False,0.0,No plasticizer,,,False,0.0
1000156,2022-01-08,2026-09-24,177,10.0,9.0,6,0.6,Active,4617082.84,0.0,False,0.0,Switched A to B,0.0,0.972,False,0.0
1000163,2024-04-11,2026-08-13,30,27.0,63.0,48,1.78,At risk,526142.7,526142.7,False,0.0,Loyal to B,0.952,1.0,True,526142.7
1000170,2022-01-08,2026-09-22,69,24.0,24.0,8,0.33,Active,562552.86,0.0,False,0.0,No plasticizer,,,False,0.0
1000177,2022-01-02,2026-09-21,38,47.0,35.0,9,0.19,Active,187481.11,0.0,False,0.0,No plasticizer,,,False,0.0
1000184,2022-04-17,2026-09-20,30,54.0,53.0,10,0.19,Active,148326.95,0.0,False,0.0,No plasticizer,,,False,0.0
1000191,2023-05-24,2026-09-30,113,11.0,13.0,0,0.0,Active,3560174.96,0.0,False,0.0,Loyal to B,0.957,1.0,False,0.0
1000198,2022-01-02,2026-09-23,93,19.0,21.0,7,0.37,Active,1022623.84,0.0,False,0.0,Switched A to B,0.215,0.852,False,0.0
1000205,2022-01-13,2023-07-19,12,51.0,51.0,1169,22.92,Lapsed,64831.83,0.0,False,64831.83,No plasticizer,,,False,0.0
1000212,2024-05-04,2026-09-03,26,32.0,35.0,27,0.84,Active,448705.22,0.0,False,0.0,No plasticizer,,,False,0.0
1000219,2022-01-07,2024-01-23,30,27.0,19.0,981,36.33,Lapsed,606885.42,0.0,False,606885.42,No plasticizer,,,False,0.0
1000226,2022-01-14,2026-09-13,46,36.0,33.0,17,0.47,Active,161992.99,0.0,False,0.0,Loyal to A,0.161,0.0,False,0.0
1000233,2022-01-03,2026-09-30,79,23.0,22.0,0,0.0,Active,939432.38,0.0,False,0.0,Mixed,0.155,0.489,False,0.0
1000240,2022-01-13,2026-09-27,113,15.0,14.0,3,0.2,Active,2943740.64,0.0,False,0.0,No plasticizer,,,False,0.0
1000247,2022-02-04,2025-08-13,37,35.5,34.0,413,11.63,Lapsed,564318.91,0.0,False,564318.91,Mixed,0.0,0.389,False,0.0
1000254,2022-01-06,2026-08-12,27,62.5,64.0,49,0.78,Active,102385.77,0.0,False,0.0,Mixed,0.478,0.0,False,0.0
1000261,2022-01-25,2026-09-27,53,32.5,41.0,3,0.09,Active,177293.46,0.0,False,0.0,Loyal to B,0.925,1.0,False,0.0
1000268,2022-01-09,2026-09-20,81,22.0,26.0,10,0.45,Active,1948023.98,0.0,False,0.0,Loyal to B,0.855,0.888,False,0.0
1000275,2022-02-06,2025-07-15,34,38.0,28.0,442,11.63,Lapsed,122220.05,0.0,False,122220.05,Loyal to B,1.0,1.0,False,0.0
1000282,2022-01-20,2026-04-27,27,60.0,45.0,156,2.6,At risk,101242.21,101242.21,False,0.0,No plasticizer,,,True,101242.21
1000289,2022-01-03,2026-09-18,65,28.0,27.0,12,0.43,Active,736077.06,0.0,False,0.0,No plasticizer,,,False,0.0
1000296,2022-01-25,2026-08-17,65,26.0,30.0,44,1.69,Active,705236.33,0.0,False,0.0,No plasticizer,,,False,0.0
1000303,2022-01-01,2026-09-19,146,12.0,12.0,11,0.92,Active,3581971.7,0.0,False,0.0,No plasticizer,,,False,0.0
1000310,2023-03-28,2026-09-21,78,17.0,14.0,9,0.53,Active,2533919.17,0.0,False,0.0,No plasticizer,,,False,0.0
1000317,2022-01-06,2026-09-15,77,23.0,24.0,15,0.65,Active,568257.63,0.0,False,0.0,No plasticizer,,,False,0.0
1000324,2022-03-24,2026-09-27,27,63.5,64.0,3,0.05,Active,101791.95,0.0,False,0.0,No plasticizer,,,False,0.0
1000331,2022-07-28,2026-09-26,116,14.0,15.0,4,0.29,Active,3162756.35,0.0,False,0.0,Mixed,0.358,0.681,False,0.0
1000338,2022-07-08,2026-08-30,33,46.0,49.0,31,0.67,Active,95196.17,0.0,False,0.0,No plasticizer,,,False,0.0
1000345,2022-01-13,2026-09-07,33,50.5,44.0,23,0.46,Active,116472.89,0.0,False,0.0,No plasticizer,,,False,0.0
1000352,2022-02-06,2026-08-24,29,57.0,50.0,37,0.65,Active,74399.21,0.0,False,0.0,No plasticizer,,,False,0.0
1000359,2022-01-06,2026-09-08,35,50.0,58.0,22,0.44,Active,96018.41,0.0,False,0.0,No plasticizer,,,False,0.0
1000366,2022-11-28,2026-09-28,41,33.0,43.0,2,0.06,Active,383664.25,0.0,False,0.0,No plasticizer,,,False,0.0
1000373,2022-01-04,2025-11-29,59,24.5,28.0,305,12.45,Lapsed,629384.32,0.0,True,629384.32,No plasticizer,,,True,629384.32
1000380,2022-02-17,2026-09-26,32,56.0,49.0,4,0.07,Active,96819.39,0.0,False,0.0,No plasticizer,,,False,0.0
1000387,2022-05-03,2026-09-26,89,18.0,15.0,4,0.22,Active,1299633.71,0.0,False,0.0,No plasticizer,,,False,0.0
1000394,2022-01-18,2026-09-18,55,31.0,37.0,12,0.39,Active,217778.34,0.0,False,0.0,Mixed,0.385,0.485,False,0.0
1000401,2022-01-06,2026-09-22,59,30.0,34.0,8,0.27,Active,534967.47,0.0,False,0.0,No plasticizer,,,False,0.0
1000408,2022-01-25,2026-07-18,62,27.0,29.0,74,2.74,At risk,776639.11,776639.11,False,0.0,Switched A to B,0.077,1.0,True,776639.11
1000415,2023-08-29,2026-08-20,33,33.0,39.0,41,1.24,Active,516746.01,0.0,False,0.0,Mixed,0.584,1.0,False,0.0
1000422,2022-01-30,2026-06-09,26,60.0,58.0,113,1.88,Active,88437.13,0.0,False,0.0,No plasticizer,,,False,0.0
1000429,2022-02-22,2026-08-10,24,73.0,64.0,51,0.7,Active,72888.89,0.0,False,0.0,No plasticizer,,,False,0.0
1000436,2022-01-26,2024-09-12,20,48.0,45.0,748,15.58,Lapsed,160564.98,0.0,False,160564.98,Mixed,0.0,0.57,False,0.0
1000443,2022-02-11,2026-08-28,27,63.0,84.0,33,0.52,Active,115454.77,0.0,False,0.0,Switched A to B,0.261,0.82,False,0.0
1000450,2022-01-20,2026-09-30,69,25.0,29.0,0,0.0,Active,587056.41,0.0,False,0.0,No plasticizer,,,False,0.0
1000457,2022-08-31,2026-09-28,69,21.5,21.0,2,0.09,Active,807068.94,0.0,False,0.0,Mixed,0.353,0.456,False,0.0
1000464,2022-01-16,2023-05-18,17,30.5,24.0,1231,40.36,Lapsed,636872.38,0.0,False,636872.38,No plasticizer,,,False,0.0
1000471,2022-01-11,2026-09-14,47,34.0,72.0,16,0.47,At risk,394719.92,394719.92,False,0.0,No plasticizer,,,True,394719.92
1000478,2022-01-09,2024-08-22,19,55.5,57.0,769,13.86,Lapsed,62757.13,0.0,False,62757.13,No plasticizer,,,False,0.0
1000485,2022-01-05,2026-09-15,85,21.0,21.0,15,0.71,Active,1858639.95,0.0,False,0.0,Loyal to A,0.163,0.109,False,0.0
1000492,2022-01-02,2026-09-14,54,31.0,30.0,16,0.52,Active,200309.97,0.0,False,0.0,Mixed,0.416,0.352,False,0.0
1000499,2022-01-01,2026-09-19,179,10.0,10.0,11,1.1,Active,3646231.31,0.0,False,0.0,No plasticizer,,,False,0.0
1000506,2022-01-04,2026-09-30,57,31.0,27.0,0,0.0,Active,594760.84,0.0,False,0.0,Switched A to B,0.0,0.924,False,0.0
1000513,2022-02-01,2026-09-07,39,44.0,53.0,23,0.52,Active,156778.01,0.0,False,0.0,Loyal to A,0.0,0.169,False,0.0
1000520,2024-07-29,2026-09-08,13,64.5,56.0,22,0.34,Active,63070.16,0.0,False,0.0,No plasticizer,,,False,0.0
1000527,2022-01-05,2026-09-05,53,32.5,42.0,25,0.77,Active,113241.38,0.0,False,0.0,No plasticizer,,,False,0.0
1000534,2022-01-07,2026-09-21,47,36.0,46.0,9,0.25,Active,350684.92,0.0,False,0.0,No plasticizer,,,False,0.0
1000541,2022-01-05,2026-09-15,95,19.0,19.0,15,0.79,Active,1480547.6,0.0,False,0.0,No plasticizer,,,False,0.0
1000548,2022-01-12,2026-08-19,24,74.0,74.0,42,0.57,Active,96358.89,0.0,False,0.0,No plasticizer,,,False,0.0
1000555,2022-01-02,2023-08-03,27,22.5,21.0,1154,51.29,Lapsed,2191462.91,0.0,False,2191462.91,No plasticizer,,,False,0.0
1000562,2022-01-31,2026-08-27,56,32.0,32.0,34,1.06,Active,636811.5,0.0,False,0.0,No plasticizer,,,False,0.0
1000569,2022-01-08,2025-02-04,104,11.0,12.0,603,54.82,Lapsed,2167299.89,0.0,False,2167299.89,No plasticizer,,,False,0.0
1000576,2022-01-07,2026-09-25,74,24.0,29.0,5,0.21,Active,521942.19,0.0,False,0.0,No plasticizer,,,False,0.0
1000583,2023-05-25,2026-09-13,35,33.5,89.0,17,0.51,At risk,129610.72,129610.72,False,0.0,No plasticizer,,,True,129610.72
1000590,2022-01-22,2026-09-25,78,22.0,21.0,5,0.23,Active,683132.69,0.0,False,0.0,No plasticizer,,,False,0.0
1000597,2022-05-21,2026-07-24,41,38.0,44.0,68,1.79,Active,125909.13,0.0,False,0.0,No plasticizer,,,False,0.0
1000604,2022-01-17,2026-08-20,31,55.0,54.0,41,0.75,Active,91923.61,0.0,False,0.0,No plasticizer,,,False,0.0
1000611,2022-01-19,2026-08-19,39,44.0,58.0,42,0.95,Active,148012.07,0.0,False,0.0,No plasticizer,,,False,0.0
1000618,2023-12-22,2026-08-27,25,42.0,44.0,34,0.81,Active,165603.47,0.0,False,0.0,Loyal to B,0.855,0.864,False,0.0
1000625,2022-01-23,2026-09-12,55,29.0,29.0,18,0.62,Active,196016.53,0.0,False,0.0,Loyal to A,0.0,0.0,False,0.0
1000632,2022-02-05,2026-08-22,38,47.0,45.0,39,0.83,Active,170683.43,0.0,False,0.0,Mixed,0.0,0.641,False,0.0
1000639,2022-01-06,2026-09-12,91,19.0,21.0,18,0.95,Active,795264.27,0.0,False,0.0,No plasticizer,,,False,0.0
1000646,2022-01-06,2026-09-16,89,19.0,16.0,14,0.74,Active,1843310.48,0.0,False,0.0,No plasticizer,,,False,0.0
1000653,2022-01-02,2026-09-21,126,14.0,10.0,9,0.64,Active,3283577.29,0.0,False,0.0,No plasticizer,,,False,0.0
1000660,2022-02-20,2026-09-16,31,55.0,59.0,14,0.25,Active,126432.4,0.0,False,0.0,Switched A to B,0.0,0.658,False,0.0
1000667,2022-09-26,2026-09-25,25,57.0,52.0,5,0.09,Active,107004.45,0.0,False,0.0,Switched A to B,0.267,1.0,False,0.0
1000674,2022-01-18,2025-06-18,19,66.5,66.0,469,7.05,Lapsed,75643.11,0.0,False,75643.11,Loyal to B,1.0,1.0,False,0.0
1000681,2022-01-13,2026-09-21,46,38.0,38.0,9,0.24,Active,149617.89,0.0,False,0.0,No plasticizer,,,False,0.0
1000688,2022-01-27,2026-08-26,26,64.0,58.0,35,0.55,Active,123107.56,0.0,False,0.0,No plasticizer,,,False,0.0
1000695,2022-01-13,2026-09-21,55,31.0,27.0,9,0.29,Active,548156.29,0.0,False,0.0,No plasticizer,,,False,0.0
1000702,2022-01-13,2026-09-18,87,19.0,18.0,12,0.63,Active,2196947.63,0.0,False,0.0,No plasticizer,,,False,0.0
1000709,2022-01-05,2026-02-05,130,12.0,11.0,237,19.75,Lapsed,3375978.69,0.0,True,3375978.69,Switched A to B,0.133,0.886,True,3375978.69
1000716,2022-01-12,2025-07-11,52,26.0,28.0,446,17.15,Lapsed,418558.92,0.0,False,418558.92,No plasticizer,,,False,0.0
1000723,2022-04-05,2026-09-28,122,13.0,12.0,2,0.15,Active,2962357.74,0.0,False,0.0,No plasticizer,,,False,0.0
1000730,2022-01-16,2026-09-18,85,19.5,25.0,12,0.62,Active,643663.65,0.0,False,0.0,No plasticizer,,,False,0.0
1000737,2023-08-30,2026-08-07,21,55.0,58.0,54,0.98,Active,137912.65,0.0,False,0.0,No plasticizer,,,False,0.0
1000744,2022-03-09,2026-08-28,24,75.0,61.0,33,0.44,Active,57628.72,0.0,False,0.0,No plasticizer,,,False,0.0
1000751,2022-02-06,2026-09-03,38,44.0,56.0,27,0.61,Active,95854.85,0.0,False,0.0,No plasticizer,,,False,0.0
1000758,2022-01-26,2023-01-26,6,69.0,69.0,1343,19.46,Lapsed,35681.8,0.0,False,35681.8,No plasticizer,,,False,0.0
1000765,2022-01-25,2026-09-21,55,32.0,32.0,9,0.28,Active,212003.11,0.0,False,0.0,Switched A to B,0.096,0.907,False,0.0
1000772,2022-01-15,2026-09-14,68,25.0,43.0,16,0.64,Active,849843.01,0.0,False,0.0,No plasticizer,,,False,0.0
1000779,2022-01-09,2026-09-11,52,33.0,34.0,19,0.58,Active,566148.46,0.0,False,0.0,Loyal to B,1.0,0.901,False,0.0
1000786,2022-01-20,2026-09-22,57,30.5,30.0,8,0.26,Active,565351.26,0.0,False,0.0,Switched A to B,0.0,1.0,False,0.0
1000793,2023-12-14,2026-09-21,16,68.0,59.0,9,0.13,Active,101434.37,0.0,False,0.0,Loyal to A,0.0,0.0,False,0.0
1000800,2024-02-03,2026-09-16,28,36.0,35.0,14,0.39,Active,142291.41,0.0,False,0.0,No plasticizer,,,False,0.0
1000807,2022-01-02,2026-09-14,67,26.0,25.0,16,0.62,Active,706922.0,0.0,False,0.0,No plasticizer,,,False,0.0
1000814,2022-01-21,2026-09-24,44,40.0,32.0,6,0.15,Active,156129.03,0.0,False,0.0,No plasticizer,,,False,0.0
1000821,2023-11-12,2024-07-07,9,31.5,24.0,815,25.87,Lapsed,448673.36,0.0,False,448673.36,No plasticizer,,,False,0.0
1000828,2022-01-09,2026-09-28,77,23.0,23.0,2,0.09,Active,620469.32,0.0,False,0.0,No plasticizer,,,False,0.0
1000835,2022-01-01,2026-09-26,79,21.0,26.0,4,0.19,Active,855229.84,0.0,False,0.0,No plasticizer,,,False,0.0
1000842,2022-01-15,2026-09-11,83,20.5,20.0,19,0.93,Active,909017.94,0.0,False,0.0,No plasticizer,,,False,0.0
1000849,2023-08-18,2026-09-16,39,30.0,29.0,14,0.47,Active,412402.02,0.0,False,0.0,No plasticizer,,,False,0.0
1000856,2022-01-01,2026-08-28,49,36.0,35.0,33,0.92,Active,173681.05,0.0,False,0.0,Switched A to B,0.274,0.877,False,0.0
1000863,2022-01-16,2026-07-21,23,78.0,74.0,71,0.91,Active,112139.91,0.0,False,0.0,Loyal to A,0.0,0.0,False,0.0
1000870,2022-01-27,2026-09-09,49,35.0,31.0,21,0.6,Active,328882.67,0.0,False,0.0,No plasticizer,,,False,0.0
1000877,2022-01-03,2026-09-11,39,45.0,53.0,19,0.42,Active,125215.79,0.0,False,0.0,Loyal to B,1.0,1.0,False,0.0
1000884,2022-01-21,2026-08-28,43,41.0,38.0,33,0.8,Active,146156.09,0.0,False,0.0,No plasticizer,,,False,0.0
1000891,2022-01-13,2026-09-24,83,21.0,18.0,6,0.29,Active,839716.0,0.0,False,0.0,No plasticizer,,,False,0.0
1000898,2022-01-17,2026-09-28,103,17.0,19.0,2,0.12,Active,2447264.85,0.0,False,0.0,Switched A to B,0.0,1.0,False,0.0
1000905,2022-01-22,2025-01-05,21,52.5,59.0,633,12.06,Lapsed,97279.97,0.0,False,97279.97,No plasticizer,,,False,0.0
1000912,2022-01-08,2024-12-28,52,22.0,21.0,641,29.14,Lapsed,1189497.11,0.0,False,1189497.11,No plasticizer,,,False,0.0
1000919,2022-09-16,2026-09-24,48,32.0,31.0,6,0.19,Active,218285.93,0.0,False,0.0,No plasticizer,,,False,0.0
1000926,2023-11-05,2026-05-27,16,58.0,60.0,126,2.17,At risk,83128.18,83128.18,False,0.0,No plasticizer,,,True,83128.18
1000933,2022-01-19,2026-09-03,24,74.0,59.0,27,0.36,Active,96199.19,0.0,False,0.0,No plasticizer,,,False,0.0
1000940,2023-03-30,2026-09-26,39,34.0,41.0,4,0.12,Active,492760.88,0.0,False,0.0,No plasticizer,,,False,0.0
1000947,2024-07-16,2026-09-19,15,56.5,50.0,11,0.19,Active,123151.77,0.0,False,0.0,Loyal to B,1.0,0.872,False,0.0
1000954,2022-01-20,2026-09-28,81,22.0,24.0,2,0.09,Active,1160419.1,0.0,False,0.0,No plasticizer,,,False,0.0
1000961,2023-10-29,2026-04-22,14,74.0,49.0,161,2.18,At risk,86245.85,86245.85,False,0.0,Switched A to B,0.0,1.0,True,86245.85
1000968,2024-04-06,2026-09-22,66,14.0,15.0,8,0.57,Active,1725294.44,0.0,False,0.0,No plasticizer,,,False,0.0
1000975,2022-02-02,2026-09-22,46,39.0,45.0,8,0.21,Active,451358.74,0.0,False,0.0,No plasticizer,,,False,0.0
1000982,2022-01-02,2026-09-24,63,28.0,32.0,6,0.21,Active,749316.95,0.0,False,0.0,No plasticizer,,,False,0.0
1000989,2022-01-22,2026-08-27,40,45.0,45.0,34,0.76,Active,157842.4,0.0,False,0.0,Switched A to B,0.0,0.92,False,0.0
1000996,2022-01-07,2026-09-19,54,33.0,36.0,11,0.33,Active,124823.19,0.0,False,0.0,No plasticizer,,,False,0.0
1001003,2022-01-14,2026-09-19,108,16.0,12.0,11,0.69,Active,2146560.08,0.0,False,0.0,No plasticizer,,,False,0.0
1001010,2023-07-04,2026-08-14,29,37.0,46.0,47,1.27,Active,158749.58,0.0,False,0.0,Loyal to B,1.0,1.0,False,0.0
1001017,2022-01-01,2023-08-21,33,18.5,20.0,1136,61.41,Lapsed,2372749.55,0.0,False,2372749.55,No plasticizer,,,False,0.0
1001024,2022-01-15,2026-09-21,49,35.0,42.0,9,0.26,Active,209068.73,0.0,False,0.0,No plasticizer,,,False,0.0
1001031,2023-11-05,2026-06-21,15,66.0,59.0,101,1.53,Active,95037.1,0.0,False,0.0,No plasticizer,,,False,0.0
1001038,2023-10-10,2026-09-10,57,19.0,23.0,20,1.05,Active,2342792.95,0.0,False,0.0,Loyal to A,0.0,0.172,False,0.0
1001045,2022-01-23,2026-09-18,66,26.0,27.0,12,0.46,Active,801033.43,0.0,False,0.0,No plasticizer,,,False,0.0
1001052,2022-01-30,2023-07-19,17,33.5,34.0,1169,34.9,Lapsed,242433.47,0.0,False,242433.47,Loyal to A,0.076,0.137,False,0.0
1001059,2022-01-23,2026-09-07,36,46.0,46.0,23,0.5,Active,143669.9,0.0,False,0.0,Mixed,0.0,0.622,False,0.0
1001066,2022-01-14,2026-09-30,51,34.0,38.0,0,0.0,Active,142694.23,0.0,False,0.0,No plasticizer,,,False,0.0
1001073,2022-01-28,2026-06-21,48,35.0,36.0,101,2.89,At risk,182928.09,182928.09,False,0.0,Switched A to B,0.269,0.667,True,182928.09
1001080,2022-01-05,2026-09-27,83,22.0,22.0,3,0.14,Active,734111.55,0.0,False,0.0,No plasticizer,,,False,0.0
1001087,2022-01-04,2026-09-19,125,14.0,16.0,11,0.79,Active,2581495.75,0.0,False,0.0,No plasticizer,,,False,0.0
1001094,2022-01-18,2026-09-11,50,35.0,42.0,19,0.54,Active,187920.95,0.0,False,0.0,No plasticizer,,,False,0.0
1001101,2022-02-03,2026-08-26,39,45.5,41.0,35,0.77,Active,122370.49,0.0,False,0.0,No plasticizer,,,False,0.0
1001108,2022-02-06,2026-07-29,26,69.0,85.0,63,0.91,Active,105053.26,0.0,False,0.0,No plasticizer,,,False,0.0
1001115,2022-01-07,2026-09-19,63,27.5,31.0,11,0.4,Active,728166.06,0.0,False,0.0,No plasticizer,,,False,0.0
1001122,2022-01-04,2026-08-03,33,53.0,42.0,58,1.09,Active,118200.97,0.0,False,0.0,No plasticizer,,,False,0.0
1001129,2022-01-16,2026-09-12,93,18.0,14.0,18,1.0,Active,2518908.35,0.0,False,0.0,No plasticizer,,,False,0.0
1001136,2022-12-22,2026-09-27,29,48.0,47.0,3,0.06,Active,142463.69,0.0,False,0.0,Loyal to B,1.0,1.0,False,0.0
1001143,2022-01-02,2026-09-26,57,31.0,32.0,4,0.13,Active,715284.34,0.0,False,0.0,No plasticizer,,,False,0.0
1001150,2022-02-03,2026-07-29,33,52.0,58.0,63,1.21,Active,139650.7,0.0,False,0.0,No plasticizer,,,False,0.0
1001157,2022-01-14,2026-09-30,81,21.5,23.0,0,0.0,Active,894275.78,0.0,False,0.0,No plasticizer,,,False,0.0
1001164,2022-01-17,2025-09-04,36,35.0,42.0,391,11.17,Lapsed,164482.29,0.0,True,164482.29,Mixed,0.075,0.477,True,164482.29
1001171,2022-01-10,2026-09-03,31,59.0,45.0,27,0.46,Active,112864.22,0.0,False,0.0,Switched A to B,0.341,0.931,False,0.0
1001178,2022-01-21,2026-03-07,68,22.0,22.0,207,9.41,Lapsed,834187.7,0.0,True,834187.7,Switched A to B,0.055,0.919,True,834187.7
1001185,2022-02-04,2026-08-28,40,44.0,46.0,33,0.75,Active,140926.52,0.0,False,0.0,Switched A to B,0.0,0.751,False,0.0
1001192,2022-01-05,2023-09-17,23,28.5,31.0,1109,38.91,Lapsed,614823.13,0.0,False,614823.13,No plasticizer,,,False,0.0
1001199,2022-02-20,2023-11-27,11,65.5,52.0,1038,15.85,Lapsed,107878.66,0.0,False,107878.66,No plasticizer,,,False,0.0
1001206,2022-02-04,2024-02-18,14,58.0,58.0,955,16.47,Lapsed,90398.13,0.0,False,90398.13,No plasticizer,,,False,0.0
1001213,2022-01-01,2026-09-18,72,24.0,27.0,12,0.5,Active,493644.54,0.0,False,0.0,No plasticizer,,,False,0.0
