Parent_Material_Id,Plant,Component_Material_Id,Component_kg_per_kg
20000101,1010,10000101,0.6
20000101,1010,10000102,0.03
30000201,1010,20000101,1.13
30000201,1010,10000102,0.02
30000202,1010,20000101,1.0
30000202,1010,10000102,0.03
30000203,1010,10000101,0.6
30000203,1010,10000102,0.03
30000204,1010,20000101,1.05
30000101,1010,30000201,0.68
30000101,1010,10000103,0.43
30000101,1010,10000108,0.001
30000102,1010,10000104,0.7
30000102,1010,10000105,0.35
30000102,1010,10000108,0.001
30000103,1010,30000201,0.71
30000103,1010,10000106,0.4
30000103,1010,10000108,0.001
30000104,1010,30000201,0.72
30000104,1010,10000107,0.36
30000104,1010,10000108,0.001
30000301,1020,10000209,0.72
30000301,1020,10000201,0.4
30000301,1020,10000202,0.0002
30000301,1020,10000203,0.005
30000302,1020,10000210,0.6
30000302,1020,10000201,0.58
30000302,1020,10000202,0.0002
30000302,1020,10000203,0.005
30000401,1020,10000210,0.66
30000401,1020,10000204,0.53
30000401,1020,10000203,0.005
30000402,1020,10000205,0.54
30000402,1020,10000204,0.7
30000402,1020,10000203,0.005
30000403,1020,10000206,0.37
30000403,1020,10000207,0.66
30000403,1020,10000208,0.002
30000404,1020,10000206,0.23
30000404,1020,10000207,0.8
30000404,1020,10000208,0.002
30000405,1020,30000403,0.7
30000405,1020,10000204,0.47
30000405,1020,10000203,0.005
