Material_Id,Plant,Year,Std_Cost_USD_per_kg
30000101,1010,2022,1.3268
30000101,1010,2023,1.4248
30000101,1010,2024,1.3576
30000101,1010,2025,1.3547
30000101,1010,2026,1.3851
30000102,1010,2022,1.489
30000102,1010,2023,1.6205
30000102,1010,2024,1.5304
30000102,1010,2025,1.5264
30000102,1010,2026,1.5672
30000103,1010,2022,1.8218
30000103,1010,2023,1.9647
30000103,1010,2024,1.8668
30000103,1010,2025,1.8625
30000103,1010,2026,1.9068
30000104,1010,2022,1.949
30000104,1010,2023,2.1021
30000104,1010,2024,1.9972
30000104,1010,2025,1.9926
30000104,1010,2026,2.0401
30000201,1010,2022,1.1166
30000201,1010,2023,1.2004
30000201,1010,2024,1.143
30000201,1010,2025,1.1405
30000201,1010,2026,1.1665
30000202,1010,2022,1.03
30000202,1010,2023,1.1066
30000202,1010,2024,1.0541
30000202,1010,2025,1.0518
30000202,1010,2026,1.0756
30000203,1010,2022,0.87
30000203,1010,2023,0.9407
30000203,1010,2024,0.8923
30000203,1010,2025,0.8901
30000203,1010,2026,0.9121
30000204,1010,2022,1.011
30000204,1010,2023,1.0852
30000204,1010,2024,1.0344
30000204,1010,2025,1.0321
30000204,1010,2026,1.0552
30000301,1020,2022,2.445
30000301,1020,2023,2.6704
30000301,1020,2024,2.516
30000301,1020,2025,2.5092
30000301,1020,2026,2.5791
30000302,1020,2022,2.565
30000302,1020,2023,2.8022
30000302,1020,2024,2.6397
30000302,1020,2025,2.6325
30000302,1020,2026,2.7061
30000401,1020,2022,1.7496
30000401,1020,2023,1.9067
30000401,1020,2024,1.7991
30000401,1020,2025,1.7943
30000401,1020,2026,1.8431
30000402,1020,2022,1.2126
30000402,1020,2023,1.317
30000402,1020,2024,1.2455
30000402,1020,2025,1.2423
30000402,1020,2026,1.2747
30000403,1020,2022,1.5056
30000403,1020,2023,1.6387
30000403,1020,2024,1.5475
30000403,1020,2025,1.5435
30000403,1020,2026,1.5848
30000404,1020,2022,1.6946
30000404,1020,2023,1.8463
30000404,1020,2024,1.7424
30000404,1020,2025,1.7378
30000404,1020,2026,1.7849
30000405,1020,2022,1.6275
30000405,1020,2023,1.7623
30000405,1020,2024,1.67
30000405,1020,2025,1.6659
30000405,1020,2026,1.7077
20000101,1010,2022,0.82
20000101,1010,2023,0.8907
20000101,1010,2024,0.8423
20000101,1010,2025,0.8401
20000101,1010,2026,0.8621
40000101,1020,2022,1.1
40000101,1020,2023,1.208
40000101,1020,2024,1.134
40000101,1020,2025,1.1308
40000101,1020,2026,1.1643
40000102,1020,2022,1.25
40000102,1020,2023,1.3728
40000102,1020,2024,1.2886
40000102,1020,2025,1.285
40000102,1020,2026,1.323
40000103,1020,2022,1.7
40000103,1020,2023,1.867
40000103,1020,2024,1.7526
40000103,1020,2025,1.7475
40000103,1020,2026,1.7993
40000104,1020,2022,1.9
40000104,1020,2023,2.0866
40000104,1020,2024,1.9588
40000104,1020,2025,1.9531
40000104,1020,2026,2.011
40000105,1020,2022,2.2
40000105,1020,2023,2.4161
40000105,1020,2024,2.268
40000105,1020,2025,2.2615
40000105,1020,2026,2.3286
40000106,1020,2022,2.6
40000106,1020,2023,2.8553
40000106,1020,2024,2.6804
40000106,1020,2025,2.6727
40000106,1020,2026,2.7519
40000107,1020,2022,2.1
40000107,1020,2023,2.3062
40000107,1020,2024,2.1649
40000107,1020,2025,2.1587
40000107,1020,2026,2.2227
40000108,1020,2022,1.0
40000108,1020,2023,1.0982
40000108,1020,2024,1.0309
40000108,1020,2025,1.028
40000108,1020,2026,1.0584
40000109,1020,2022,1.45
40000109,1020,2023,1.5924
40000109,1020,2024,1.4948
40000109,1020,2025,1.4906
40000109,1020,2026,1.5347
40000110,1020,2022,1.15
40000110,1020,2023,1.2629
40000110,1020,2024,1.1856
40000110,1020,2025,1.1822
40000110,1020,2026,1.2172
40000111,1020,2022,2.0
40000111,1020,2023,2.1964
40000111,1020,2024,2.0618
40000111,1020,2025,2.0559
40000111,1020,2026,2.1169
10000101,1010,2022,1.1
10000101,1010,2023,1.208
10000101,1010,2024,1.134
10000101,1010,2025,1.1308
10000101,1010,2026,1.1643
10000102,1010,2022,2.0
10000102,1010,2023,2.1964
10000102,1010,2024,2.0618
10000102,1010,2025,2.0559
10000102,1010,2026,2.1169
10000103,1010,2022,0.95
10000103,1010,2023,1.0433
10000103,1010,2024,0.9794
10000103,1010,2025,0.9766
10000103,1010,2026,1.0055
10000104,1010,2022,1.35
10000104,1010,2023,1.4826
10000104,1010,2024,1.3917
10000104,1010,2025,1.3878
10000104,1010,2026,1.4289
10000105,1010,2022,1.1
10000105,1010,2023,1.208
10000105,1010,2024,1.134
10000105,1010,2025,1.1308
10000105,1010,2026,1.1643
10000106,1010,2022,2.1
10000106,1010,2023,2.3062
10000106,1010,2024,2.1649
10000106,1010,2025,2.1587
10000106,1010,2026,2.2227
10000107,1010,2022,2.6
10000107,1010,2023,2.8553
10000107,1010,2024,2.6804
10000107,1010,2025,2.6727
10000107,1010,2026,2.7519
10000108,1010,2022,9.0
10000108,1010,2023,9.8838
10000108,1010,2024,9.2783
10000108,1010,2025,9.2517
10000108,1010,2026,9.5259
10000201,1020,2022,2.4
10000201,1020,2023,2.6357
10000201,1020,2024,2.4742
10000201,1020,2025,2.4671
10000201,1020,2026,2.5402
10000202,1020,2022,12.0
10000202,1020,2023,13.1785
10000202,1020,2024,12.371
10000202,1020,2025,12.3356
10000202,1020,2026,12.7012
10000203,1020,2022,0.12
10000203,1020,2023,0.1318
10000203,1020,2024,0.1237
10000203,1020,2025,0.1234
10000203,1020,2026,0.127
10000204,1020,2022,0.9
10000204,1020,2023,0.9884
10000204,1020,2024,0.9278
10000204,1020,2025,0.9252
10000204,1020,2026,0.9526
10000205,1020,2022,0.8
10000205,1020,2023,0.8786
10000205,1020,2024,0.8247
10000205,1020,2025,0.8224
10000205,1020,2026,0.8468
10000206,1020,2022,0.45
10000206,1020,2023,0.4942
10000206,1020,2024,0.4639
10000206,1020,2025,0.4626
10000206,1020,2026,0.4763
10000207,1020,2022,1.8
10000207,1020,2023,1.9768
10000207,1020,2024,1.8557
10000207,1020,2025,1.8503
10000207,1020,2026,1.9052
10000208,1020,2022,0.55
10000208,1020,2023,0.604
10000208,1020,2024,0.567
10000208,1020,2025,0.5654
10000208,1020,2026,0.5821
10000209,1020,2022,1.85
10000209,1020,2023,2.0317
10000209,1020,2024,1.9072
10000209,1020,2025,1.9017
10000209,1020,2026,1.9581
10000210,1020,2022,1.7
10000210,1020,2023,1.867
10000210,1020,2024,1.7526
10000210,1020,2025,1.7475
10000210,1020,2026,1.7993
10000109,1010,2022,1.9
10000109,1010,2023,2.0866
10000109,1010,2024,1.9588
10000109,1010,2025,1.9531
10000109,1010,2026,2.011
